order_id,user_id,user_demographic,product_id,product_category,marketing_channel,purchase_date,list_price,sale_price,sale_margin
1,4,White,5,Electronics,facebook ads,2021-05-22 02:14:00,999.99,839.0,33.19
2,10,Pacific Islander,1,Kids Toys,google organic,2021-08-25 01:12:00,23.45,19.95,0.71
3,3,Pacific Islander,1,Kids Toys,facebook organic,2021-04-18 18:25:00,23.45,22.9,0.17
4,1,Asian,2,Mens Apparel,google organic,2021-06-05 02:45:00,34.56,30.57,2.3
5,7,White,5,Electronics,facebook ads,2021-04-08 22:18:00,999.99,813.31,35.04
6,10,Pacific Islander,6,Kids Toys,google organic,2021-07-26 16:55:00,45.67,43.15,3.73
7,11,Asian,4,Electronics,google ads,2021-12-02 04:03:00,345.67,338.68,16.29
8,11,Asian,7,Mens Apparel,google ads,2021-10-20 14:13:00,45.98,45.47,4.4
9,7,White,6,Kids Toys,facebook ads,2021-06-25 03:17:00,45.67,41.38,0.29
10,5,African American,5,Electronics,google ads,2021-03-28 10:34:00,999.99,938.33,65.53
11,2,American Indian,7,Mens Apparel,google ads,2021-10-23 14:09:00,45.98,43.53,2.06
12,9,American Indian,2,Mens Apparel,affiliate referral,2021-06-02 17:31:00,34.56,27.76,2.02
13,7,White,1,Kids Toys,facebook ads,2021-11-20 22:21:00,23.45,21.46,1.39
14,12,Asian,3,Kitchen Appliance,google ads,2021-12-23 15:59:00,99.99,94.87,8.45
15,10,Pacific Islander,4,Electronics,google organic,2021-02-13 13:42:00,345.67,307.03,6.22
16,4,White,4,Electronics,facebook ads,2021-02-18 08:23:00,345.67,282.71,22.0
17,6,African American,5,Electronics,google ads,2021-11-12 09:51:00,999.99,974.29,81.53
18,4,White,3,Kitchen Appliance,facebook ads,2021-03-08 01:21:00,99.99,83.43,2.68
19,3,Pacific Islander,1,Kids Toys,facebook organic,2021-02-14 18:32:00,23.45,21.41,1.87
20,1,Asian,2,Mens Apparel,google organic,2021-08-28 12:47:00,34.56,28.45,0.3
21,8,Asian,8,Kitchen Appliance,affiliate referral,2021-10-30 12:03:00,65.87,56.2,1.15
22,6,African American,3,Kitchen Appliance,google ads,2021-04-19 06:59:00,99.99,81.33,0.7
23,2,American Indian,5,Electronics,google ads,2021-01-11 10:19:00,999.99,819.31,15.29
24,7,White,3,Kitchen Appliance,facebook ads,2021-09-03 04:05:00,99.99,82.5,6.9
25,11,Asian,4,Electronics,google ads,2021-06-12 12:30:00,345.67,324.84,10.67
26,10,Pacific Islander,8,Kitchen Appliance,google organic,2021-05-17 09:44:00,65.87,65.09,5.45
27,8,Asian,4,Electronics,affiliate referral,2021-06-18 20:42:00,345.67,277.77,10.77
28,9,American Indian,2,Mens Apparel,affiliate referral,2021-04-12 17:35:00,34.56,29.15,2.31
29,1,Asian,6,Kids Toys,google organic,2021-11-03 06:22:00,45.67,39.9,0.9
30,2,American Indian,8,Kitchen Appliance,google ads,2021-08-14 01:39:00,65.87,65.45,3.4
31,12,Asian,1,Kids Toys,google ads,2021-12-22 03:37:00,23.45,22.52,2.0
32,10,Pacific Islander,2,Mens Apparel,google organic,2021-06-12 01:24:00,34.56,31.55,2.82
33,11,Asian,2,Mens Apparel,google ads,2021-02-18 01:09:00,34.56,29.87,2.47
34,5,African American,6,Kids Toys,google ads,2021-02-09 06:00:00,45.67,39.28,1.11
35,8,Asian,2,Mens Apparel,affiliate referral,2021-02-24 10:29:00,34.56,33.47,3.28
36,4,White,4,Electronics,facebook ads,2021-11-25 21:11:00,345.67,288.25,10.92
37,9,American Indian,1,Kids Toys,affiliate referral,2021-12-04 10:31:00,23.45,21.56,1.41
38,12,Asian,8,Kitchen Appliance,google ads,2021-03-17 22:18:00,65.87,63.13,2.89
39,10,Pacific Islander,3,Kitchen Appliance,google organic,2021-04-28 12:58:00,99.99,84.17,3.15
40,12,Asian,2,Mens Apparel,google ads,2021-12-25 17:46:00,34.56,31.06,0.82
41,1,Asian,7,Mens Apparel,google organic,2021-06-22 17:33:00,45.98,44.81,1.94
42,8,Asian,8,Kitchen Appliance,affiliate referral,2021-11-26 01:51:00,65.87,59.14,2.5
43,3,Pacific Islander,6,Kids Toys,facebook organic,2021-07-04 05:13:00,45.67,44.19,2.51
44,5,African American,4,Electronics,google ads,2021-06-19 20:59:00,345.67,315.74,8.36
45,11,Asian,2,Mens Apparel,google ads,2021-02-03 11:06:00,34.56,32.82,1.71
46,4,White,8,Kitchen Appliance,facebook ads,2021-03-29 02:58:00,65.87,58.72,0.54
47,10,Pacific Islander,7,Mens Apparel,google organic,2021-02-01 21:51:00,45.98,37.53,0.73
48,11,Asian,6,Kids Toys,google ads,2021-06-23 21:51:00,45.67,45.22,2.27
49,12,Asian,2,Mens Apparel,google ads,2021-11-01 01:49:00,34.56,32.77,1.41
50,2,American Indian,4,Electronics,google ads,2021-11-04 16:02:00,345.67,329.18,13.27
51,11,Asian,6,Kids Toys,google ads,2021-08-09 20:55:00,45.67,41.03,0.87
52,2,American Indian,3,Kitchen Appliance,google ads,2021-02-05 01:35:00,99.99,83.12,1.92
53,12,Asian,1,Kids Toys,google ads,2021-10-30 06:25:00,23.45,22.26,1.25
54,9,American Indian,5,Electronics,affiliate referral,2021-08-10 00:11:00,999.99,999.59,13.18
55,5,African American,4,Electronics,google ads,2021-12-14 06:30:00,345.67,335.43,24.23
56,12,Asian,4,Electronics,google ads,2021-02-25 03:13:00,345.67,335.04,16.43
57,7,White,1,Kids Toys,facebook ads,2021-08-31 14:35:00,23.45,21.81,0.82
58,8,Asian,1,Kids Toys,affiliate referral,2021-12-21 20:40:00,23.45,20.74,0.11
59,11,Asian,1,Kids Toys,google ads,2021-03-02 03:49:00,23.45,23.43,1.41
60,6,African American,8,Kitchen Appliance,google ads,2021-07-01 05:12:00,65.87,53.05,0.26
61,9,American Indian,1,Kids Toys,affiliate referral,2021-08-24 13:12:00,23.45,21.12,0.66
62,2,American Indian,4,Electronics,google ads,2021-09-26 13:54:00,345.67,329.68,29.95
63,11,Asian,6,Kids Toys,google ads,2021-09-01 16:40:00,45.67,45.61,2.75
64,5,African American,2,Mens Apparel,google ads,2021-07-03 18:47:00,34.56,30.51,2.77
65,5,African American,6,Kids Toys,google ads,2021-05-11 06:40:00,45.67,40.42,2.51
66,12,Asian,7,Mens Apparel,google ads,2021-01-17 06:57:00,45.98,41.76,3.3
67,6,African American,7,Mens Apparel,google ads,2021-01-31 09:54:00,45.98,38.89,3.14
68,2,American Indian,7,Mens Apparel,google ads,2021-09-27 00:28:00,45.98,42.22,3.96
69,12,Asian,6,Kids Toys,google ads,2021-10-30 22:38:00,45.67,37.44,3.3
70,5,African American,4,Electronics,google ads,2021-01-16 19:55:00,345.67,337.64,2.77
71,2,American Indian,2,Mens Apparel,google ads,2021-08-12 16:16:00,34.56,30.67,0.67
72,5,African American,4,Electronics,google ads,2021-06-15 01:21:00,345.67,298.22,11.94
73,12,Asian,2,Mens Apparel,google ads,2021-04-11 08:19:00,34.56,33.97,3.08
74,2,American Indian,5,Electronics,google ads,2021-11-18 17:00:00,999.99,866.31,45.38
75,8,Asian,1,Kids Toys,affiliate referral,2021-09-19 08:43:00,23.45,20.72,1.07
76,7,White,1,Kids Toys,facebook ads,2021-12-03 05:43:00,23.45,20.4,0.57
77,5,African American,1,Kids Toys,google ads,2021-09-18 13:03:00,23.45,21.88,1.76
78,1,Asian,3,Kitchen Appliance,google organic,2021-04-24 21:19:00,99.99,84.96,2.19
79,5,African American,4,Electronics,google ads,2021-04-23 01:59:00,345.67,292.3,21.02
80,5,African American,3,Kitchen Appliance,google ads,2021-04-12 06:29:00,99.99,96.35,8.25
81,9,American Indian,2,Mens Apparel,affiliate referral,2021-02-05 05:38:00,34.56,32.6,3.18
82,8,Asian,1,Kids Toys,affiliate referral,2021-02-19 05:59:00,23.45,21.36,1.94
83,11,Asian,1,Kids Toys,google ads,2021-03-28 14:57:00,23.45,21.64,1.97
84,11,Asian,2,Mens Apparel,google ads,2021-02-19 19:01:00,34.56,31.15,0.67
85,10,Pacific Islander,4,Electronics,google organic,2021-01-03 01:03:00,345.67,303.15,23.37
86,11,Asian,6,Kids Toys,google ads,2021-11-11 21:57:00,45.67,39.07,2.04
87,11,Asian,3,Kitchen Appliance,google ads,2021-10-09 23:30:00,99.99,81.39,2.58
88,7,White,2,Mens Apparel,facebook ads,2021-04-27 13:04:00,34.56,33.04,1.04
89,12,Asian,6,Kids Toys,google ads,2021-07-22 07:43:00,45.67,37.12,1.79
90,3,Pacific Islander,3,Kitchen Appliance,facebook organic,2021-09-23 00:32:00,99.99,96.61,8.12
91,5,African American,4,Electronics,google ads,2021-09-02 14:47:00,345.67,276.68,3.97
92,4,White,6,Kids Toys,facebook ads,2021-02-21 00:43:00,45.67,43.03,4.02
93,1,Asian,8,Kitchen Appliance,google organic,2021-03-15 09:41:00,65.87,63.93,4.46
94,8,Asian,4,Electronics,affiliate referral,2021-08-29 22:27:00,345.67,283.57,10.95
95,2,American Indian,5,Electronics,google ads,2021-07-24 18:14:00,999.99,898.02,33.22
96,4,White,6,Kids Toys,facebook ads,2021-11-24 08:24:00,45.67,43.22,0.8
97,7,White,6,Kids Toys,facebook ads,2021-01-10 06:47:00,45.67,36.86,3.03
98,3,Pacific Islander,4,Electronics,facebook organic,2021-05-25 20:12:00,345.67,293.93,17.67
99,2,American Indian,6,Kids Toys,google ads,2021-03-12 22:21:00,45.67,37.7,2.21
100,11,Asian,7,Mens Apparel,google ads,2021-04-24 09:46:00,45.98,40.39,3.02
101,11,Asian,2,Mens Apparel,google ads,2021-08-04 01:26:00,34.56,30.75,0.91
102,11,Asian,3,Kitchen Appliance,google ads,2021-05-06 15:13:00,99.99,84.81,7.06
103,1,Asian,7,Mens Apparel,google organic,2021-02-11 09:13:00,45.98,45.14,0.76
104,12,Asian,4,Electronics,google ads,2021-05-18 16:02:00,345.67,298.21,8.88
105,8,Asian,6,Kids Toys,affiliate referral,2021-05-10 14:59:00,45.67,41.17,3.76
106,3,Pacific Islander,6,Kids Toys,facebook organic,2021-11-24 10:18:00,45.67,43.15,4.11
107,6,African American,1,Kids Toys,google ads,2021-11-06 00:33:00,23.45,23.39,0.09
108,7,White,7,Mens Apparel,facebook ads,2021-10-10 06:40:00,45.98,39.71,1.78
109,5,African American,8,Kitchen Appliance,google ads,2021-09-11 03:38:00,65.87,55.58,5.38
110,7,White,6,Kids Toys,facebook ads,2021-01-04 18:33:00,45.67,37.75,0.38
111,11,Asian,1,Kids Toys,google ads,2021-03-30 21:41:00,23.45,20.62,0.02
112,8,Asian,3,Kitchen Appliance,affiliate referral,2021-03-31 18:22:00,99.99,87.97,7.4
113,9,American Indian,1,Kids Toys,affiliate referral,2021-01-18 14:08:00,23.45,19.05,1.79
114,10,Pacific Islander,7,Mens Apparel,google organic,2021-01-18 08:21:00,45.98,40.48,3.08
115,4,White,2,Mens Apparel,facebook ads,2021-12-17 01:44:00,34.56,32.8,2.71
116,7,White,5,Electronics,facebook ads,2021-04-24 11:53:00,999.99,857.71,65.61
117,3,Pacific Islander,1,Kids Toys,facebook organic,2021-05-23 02:11:00,23.45,19.59,1.0
118,10,Pacific Islander,1,Kids Toys,google organic,2021-03-10 13:38:00,23.45,21.15,0.71
119,3,Pacific Islander,8,Kitchen Appliance,facebook organic,2021-02-20 04:45:00,65.87,57.16,3.52
120,1,Asian,1,Kids Toys,google organic,2021-02-18 19:51:00,23.45,20.8,0.81
121,10,Pacific Islander,2,Mens Apparel,google organic,2021-07-04 07:29:00,34.56,28.16,1.14
122,12,Asian,1,Kids Toys,google ads,2021-01-20 12:25:00,23.45,19.35,1.07
123,5,African American,7,Mens Apparel,google ads,2021-06-22 17:33:00,45.98,45.66,0.24
124,11,Asian,8,Kitchen Appliance,google ads,2021-01-22 01:23:00,65.87,61.54,5.88
125,11,Asian,1,Kids Toys,google ads,2021-10-25 08:17:00,23.45,18.76,1.19
126,2,American Indian,7,Mens Apparel,google ads,2021-08-21 19:46:00,45.98,41.74,4.0
127,11,Asian,6,Kids Toys,google ads,2021-06-20 03:09:00,45.67,37.7,0.43
128,10,Pacific Islander,7,Mens Apparel,google organic,2021-04-25 06:26:00,45.98,45.27,0.67
129,12,Asian,8,Kitchen Appliance,google ads,2021-08-23 15:25:00,65.87,57.08,5.61
130,12,Asian,4,Electronics,google ads,2021-06-20 17:56:00,345.67,312.97,6.07
131,10,Pacific Islander,4,Electronics,google organic,2021-07-17 20:55:00,345.67,321.42,25.17
132,2,American Indian,8,Kitchen Appliance,google ads,2021-08-28 11:05:00,65.87,54.9,3.26
133,2,American Indian,2,Mens Apparel,google ads,2021-03-17 02:09:00,34.56,32.21,0.56
134,6,African American,7,Mens Apparel,google ads,2021-02-25 23:36:00,45.98,44.24,3.63
135,12,Asian,4,Electronics,google ads,2021-08-31 06:05:00,345.67,334.51,3.93
136,9,American Indian,6,Kids Toys,affiliate referral,2021-02-02 23:04:00,45.67,40.28,0.4
137,12,Asian,4,Electronics,google ads,2021-07-29 06:45:00,345.67,305.43,2.06
138,10,Pacific Islander,2,Mens Apparel,google organic,2021-11-18 00:46:00,34.56,29.45,0.13
139,9,American Indian,8,Kitchen Appliance,affiliate referral,2021-09-23 00:47:00,65.87,56.01,2.01
140,2,American Indian,8,Kitchen Appliance,google ads,2021-07-28 03:49:00,65.87,65.37,6.51
141,1,Asian,7,Mens Apparel,google organic,2021-02-22 15:34:00,45.98,40.24,1.73
142,9,American Indian,5,Electronics,affiliate referral,2021-03-07 09:58:00,999.99,893.78,66.91
143,11,Asian,3,Kitchen Appliance,google ads,2021-05-13 07:21:00,99.99,82.29,7.26
144,12,Asian,3,Kitchen Appliance,google ads,2021-03-28 22:14:00,99.99,84.09,3.13
145,7,White,1,Kids Toys,facebook ads,2021-02-03 13:43:00,23.45,21.04,0.37
146,7,White,3,Kitchen Appliance,facebook ads,2021-01-13 08:42:00,99.99,98.08,1.86
147,7,White,3,Kitchen Appliance,facebook ads,2021-02-26 21:28:00,99.99,95.9,2.25
148,5,African American,6,Kids Toys,google ads,2021-03-02 14:39:00,45.67,43.28,1.36
149,9,American Indian,1,Kids Toys,affiliate referral,2021-11-23 13:07:00,23.45,23.33,0.07
150,7,White,4,Electronics,facebook ads,2021-08-28 23:23:00,345.67,276.78,1.59
151,1,Asian,7,Mens Apparel,google organic,2021-08-14 18:08:00,45.98,43.53,0.84
152,5,African American,8,Kitchen Appliance,google ads,2021-10-07 00:27:00,65.87,63.51,1.88
153,6,African American,8,Kitchen Appliance,google ads,2021-04-15 13:42:00,65.87,60.98,3.65
154,3,Pacific Islander,7,Mens Apparel,facebook organic,2021-11-29 11:00:00,45.98,42.24,3.45
155,7,White,8,Kitchen Appliance,facebook ads,2021-02-09 09:27:00,65.87,53.28,0.68
156,2,American Indian,3,Kitchen Appliance,google ads,2021-06-16 20:02:00,99.99,87.36,3.17
157,6,African American,7,Mens Apparel,google ads,2021-02-17 02:58:00,45.98,39.68,2.89
158,9,American Indian,3,Kitchen Appliance,affiliate referral,2021-09-15 07:16:00,99.99,81.48,7.54
159,10,Pacific Islander,7,Mens Apparel,google organic,2021-02-17 17:46:00,45.98,41.42,0.76
160,11,Asian,3,Kitchen Appliance,google ads,2021-05-31 15:37:00,99.99,90.42,1.62
161,9,American Indian,6,Kids Toys,affiliate referral,2021-01-20 20:41:00,45.67,39.88,0.59
162,9,American Indian,6,Kids Toys,affiliate referral,2021-05-31 00:48:00,45.67,38.63,2.27
163,2,American Indian,8,Kitchen Appliance,google ads,2021-04-30 17:37:00,65.87,60.42,2.2
164,2,American Indian,8,Kitchen Appliance,google ads,2021-08-06 00:24:00,65.87,59.2,0.31
165,7,White,2,Mens Apparel,facebook ads,2021-05-13 22:43:00,34.56,32.64,1.89
166,12,Asian,5,Electronics,google ads,2021-08-06 17:24:00,999.99,918.04,8.28
167,11,Asian,6,Kids Toys,google ads,2021-11-15 15:58:00,45.67,39.28,2.25
168,9,American Indian,4,Electronics,affiliate referral,2021-12-29 21:23:00,345.67,290.5,6.17
169,9,American Indian,4,Electronics,affiliate referral,2021-07-11 03:02:00,345.67,319.02,5.72
170,10,Pacific Islander,3,Kitchen Appliance,google organic,2021-05-12 09:59:00,99.99,92.63,0.3
171,2,American Indian,8,Kitchen Appliance,google ads,2021-03-04 07:40:00,65.87,62.86,0.45
172,11,Asian,3,Kitchen Appliance,google ads,2021-06-22 03:01:00,99.99,82.52,6.93
173,6,African American,7,Mens Apparel,google ads,2021-10-25 12:00:00,45.98,45.73,1.21
174,8,Asian,4,Electronics,affiliate referral,2021-01-01 20:45:00,345.67,306.76,16.58
175,6,African American,4,Electronics,google ads,2021-12-20 01:44:00,345.67,303.1,25.83
176,1,Asian,1,Kids Toys,google organic,2021-01-15 18:18:00,23.45,22.69,1.6
177,11,Asian,7,Mens Apparel,google ads,2021-06-27 20:07:00,45.98,45.01,3.77
178,4,White,4,Electronics,facebook ads,2021-04-13 02:07:00,345.67,292.42,15.58
179,9,American Indian,1,Kids Toys,affiliate referral,2021-10-08 16:29:00,23.45,20.52,1.69
180,8,Asian,6,Kids Toys,affiliate referral,2021-02-07 00:06:00,45.67,43.53,0.82
181,6,African American,7,Mens Apparel,google ads,2021-05-12 20:18:00,45.98,38.51,2.21
182,12,Asian,2,Mens Apparel,google ads,2021-08-16 12:38:00,34.56,28.5,1.29
183,6,African American,6,Kids Toys,google ads,2021-05-20 05:04:00,45.67,39.07,0.49
184,1,Asian,5,Electronics,google organic,2021-09-02 03:44:00,999.99,978.35,59.65
185,4,White,3,Kitchen Appliance,facebook ads,2021-12-30 11:18:00,99.99,88.57,0.55
186,8,Asian,5,Electronics,affiliate referral,2021-05-18 15:50:00,999.99,872.97,85.13
187,9,American Indian,2,Mens Apparel,affiliate referral,2021-11-20 05:38:00,34.56,31.56,2.55
188,10,Pacific Islander,2,Mens Apparel,google organic,2021-09-15 05:41:00,34.56,27.79,1.73
189,7,White,8,Kitchen Appliance,facebook ads,2021-08-16 17:09:00,65.87,58.55,2.56
190,1,Asian,3,Kitchen Appliance,google organic,2021-01-05 11:13:00,99.99,84.45,4.24
191,1,Asian,8,Kitchen Appliance,google organic,2021-09-21 18:23:00,65.87,53.58,4.23
192,5,African American,7,Mens Apparel,google ads,2021-03-28 07:09:00,45.98,41.5,1.5
193,2,American Indian,5,Electronics,google ads,2021-11-23 02:48:00,999.99,891.0,4.53
194,1,Asian,8,Kitchen Appliance,google organic,2021-07-10 08:59:00,65.87,59.61,5.26
195,10,Pacific Islander,2,Mens Apparel,google organic,2021-05-26 13:25:00,34.56,30.53,1.09
196,11,Asian,7,Mens Apparel,google ads,2021-04-05 00:16:00,45.98,42.5,1.11
197,10,Pacific Islander,3,Kitchen Appliance,google organic,2021-08-13 12:08:00,99.99,86.08,4.13
198,1,Asian,6,Kids Toys,google organic,2021-01-24 06:25:00,45.67,42.67,3.19
199,6,African American,7,Mens Apparel,google ads,2021-12-02 00:06:00,45.98,41.41,1.45
200,1,Asian,2,Mens Apparel,google organic,2021-07-02 22:04:00,34.56,30.48,2.51
201,12,Asian,3,Kitchen Appliance,google ads,2021-02-19 16:36:00,99.99,94.59,5.32
202,5,African American,6,Kids Toys,google ads,2021-02-03 00:38:00,45.67,38.44,0.31
203,8,Asian,5,Electronics,affiliate referral,2021-02-18 17:40:00,999.99,811.78,2.15
204,2,American Indian,4,Electronics,google ads,2021-07-08 05:50:00,345.67,302.12,9.63
205,10,Pacific Islander,6,Kids Toys,google organic,2021-04-30 09:47:00,45.67,41.61,0.31
206,3,Pacific Islander,3,Kitchen Appliance,facebook organic,2021-03-24 01:20:00,99.99,86.83,6.02
207,12,Asian,2,Mens Apparel,google ads,2021-04-24 08:08:00,34.56,33.69,1.4
208,3,Pacific Islander,5,Electronics,facebook organic,2021-07-07 16:43:00,999.99,834.97,72.14
209,11,Asian,5,Electronics,google ads,2021-05-21 00:11:00,999.99,993.69,63.07
210,9,American Indian,8,Kitchen Appliance,affiliate referral,2021-12-27 18:25:00,65.87,64.43,0.65
211,9,American Indian,7,Mens Apparel,affiliate referral,2021-03-11 14:07:00,45.98,41.2,0.01
212,12,Asian,2,Mens Apparel,google ads,2021-09-19 22:04:00,34.56,33.46,1.08
213,1,Asian,3,Kitchen Appliance,google organic,2021-12-08 12:17:00,99.99,90.76,8.46
214,12,Asian,7,Mens Apparel,google ads,2021-10-31 11:27:00,45.98,41.77,2.92
215,3,Pacific Islander,2,Mens Apparel,facebook organic,2021-04-12 04:38:00,34.56,30.73,1.49
216,9,American Indian,3,Kitchen Appliance,affiliate referral,2021-02-27 05:17:00,99.99,92.66,2.69
217,4,White,2,Mens Apparel,facebook ads,2021-05-13 19:18:00,34.56,31.36,1.32
218,3,Pacific Islander,4,Electronics,facebook organic,2021-05-13 05:45:00,345.67,303.14,2.97
219,9,American Indian,5,Electronics,affiliate referral,2021-09-27 15:59:00,999.99,813.91,16.99
220,5,African American,7,Mens Apparel,google ads,2021-05-25 10:26:00,45.98,36.99,2.13
221,6,African American,5,Electronics,google ads,2021-06-13 12:35:00,999.99,811.6,58.04
222,11,Asian,8,Kitchen Appliance,google ads,2021-07-24 08:17:00,65.87,56.44,3.6
223,8,Asian,5,Electronics,affiliate referral,2021-08-15 17:21:00,999.99,826.86,2.37
224,1,Asian,4,Electronics,google organic,2021-02-17 15:17:00,345.67,279.2,0.96
225,6,African American,4,Electronics,google ads,2021-02-22 21:42:00,345.67,293.78,12.02
226,9,American Indian,5,Electronics,affiliate referral,2021-10-29 07:06:00,999.99,852.75,23.09
227,3,Pacific Islander,4,Electronics,facebook organic,2021-10-18 15:06:00,345.67,326.0,1.18
228,6,African American,6,Kids Toys,google ads,2021-08-04 05:44:00,45.67,36.89,3.52
229,5,African American,7,Mens Apparel,google ads,2021-09-25 16:22:00,45.98,42.75,2.94
230,2,American Indian,5,Electronics,google ads,2021-01-27 16:55:00,999.99,887.98,53.87
231,6,African American,4,Electronics,google ads,2021-10-06 14:52:00,345.67,337.86,2.32
232,12,Asian,4,Electronics,google ads,2021-03-25 07:44:00,345.67,294.82,3.09
233,6,African American,7,Mens Apparel,google ads,2021-04-18 15:56:00,45.98,39.5,2.46
234,3,Pacific Islander,4,Electronics,facebook organic,2021-11-29 07:46:00,345.67,311.8,23.98
235,3,Pacific Islander,4,Electronics,facebook organic,2021-11-19 00:24:00,345.67,333.22,21.81
236,5,African American,2,Mens Apparel,google ads,2021-02-18 15:05:00,34.56,34.04,0.63
237,12,Asian,6,Kids Toys,google ads,2021-02-21 08:29:00,45.67,39.74,2.06
238,8,Asian,4,Electronics,affiliate referral,2021-04-23 09:27:00,345.67,295.0,9.61
239,12,Asian,5,Electronics,google ads,2021-06-23 16:12:00,999.99,904.52,81.66
240,12,Asian,1,Kids Toys,google ads,2021-01-09 16:27:00,23.45,21.38,2.1
241,10,Pacific Islander,2,Mens Apparel,google organic,2021-07-20 00:10:00,34.56,28.45,2.46
242,6,African American,6,Kids Toys,google ads,2021-06-19 18:05:00,45.67,45.27,2.01
243,12,Asian,7,Mens Apparel,google ads,2021-11-30 05:00:00,45.98,39.95,0.68
244,10,Pacific Islander,3,Kitchen Appliance,google organic,2021-03-28 21:05:00,99.99,90.99,1.8
245,5,African American,6,Kids Toys,google ads,2021-11-27 05:37:00,45.67,40.18,2.62
246,5,African American,3,Kitchen Appliance,google ads,2021-06-11 11:50:00,99.99,84.21,2.08
247,3,Pacific Islander,6,Kids Toys,facebook organic,2021-08-28 03:12:00,45.67,41.07,0.03
248,8,Asian,2,Mens Apparel,affiliate referral,2021-04-30 17:43:00,34.56,30.78,1.12
249,10,Pacific Islander,7,Mens Apparel,google organic,2021-08-19 17:42:00,45.98,44.62,3.93
250,2,American Indian,2,Mens Apparel,google ads,2021-02-09 21:57:00,34.56,31.73,0.81
251,10,Pacific Islander,6,Kids Toys,google organic,2021-08-08 00:56:00,45.67,43.95,1.58
252,11,Asian,3,Kitchen Appliance,google ads,2021-09-25 13:38:00,99.99,98.3,8.45
253,7,White,2,Mens Apparel,facebook ads,2021-06-10 18:53:00,34.56,33.15,2.71
254,1,Asian,7,Mens Apparel,google organic,2021-03-19 02:37:00,45.98,36.84,2.13
255,7,White,3,Kitchen Appliance,facebook ads,2021-01-26 17:24:00,99.99,82.53,6.01
256,6,African American,5,Electronics,google ads,2021-08-05 11:48:00,999.99,858.54,20.59
257,10,Pacific Islander,3,Kitchen Appliance,google organic,2021-08-12 18:43:00,99.99,97.55,9.03
258,9,American Indian,6,Kids Toys,affiliate referral,2021-08-04 18:27:00,45.67,39.18,2.13
259,1,Asian,7,Mens Apparel,google organic,2021-11-05 17:38:00,45.98,45.55,1.63
260,6,African American,1,Kids Toys,google ads,2021-10-31 05:28:00,23.45,22.84,1.3
261,1,Asian,5,Electronics,google organic,2021-07-17 01:06:00,999.99,980.47,10.8
262,7,White,6,Kids Toys,facebook ads,2021-11-13 21:54:00,45.67,36.99,2.64
263,12,Asian,1,Kids Toys,google ads,2021-08-31 02:35:00,23.45,21.63,1.32
264,4,White,1,Kids Toys,facebook ads,2021-10-13 21:07:00,23.45,20.03,1.29
265,2,American Indian,8,Kitchen Appliance,google ads,2021-11-18 14:21:00,65.87,60.24,4.56
266,5,African American,4,Electronics,google ads,2021-12-29 22:42:00,345.67,333.4,20.91
267,5,African American,5,Electronics,google ads,2021-08-16 14:56:00,999.99,921.58,42.87
268,10,Pacific Islander,5,Electronics,google organic,2021-10-31 04:18:00,999.99,932.27,82.39
269,12,Asian,6,Kids Toys,google ads,2021-08-20 01:34:00,45.67,43.62,4.02
270,12,Asian,4,Electronics,google ads,2021-04-27 04:48:00,345.67,344.84,5.47
271,12,Asian,4,Electronics,google ads,2021-04-25 17:00:00,345.67,310.87,3.26
272,12,Asian,2,Mens Apparel,google ads,2021-10-28 18:31:00,34.56,30.14,0.02
273,6,African American,5,Electronics,google ads,2021-12-16 01:12:00,999.99,907.33,14.77
274,9,American Indian,3,Kitchen Appliance,affiliate referral,2021-07-11 14:47:00,99.99,89.62,6.36
275,9,American Indian,5,Electronics,affiliate referral,2021-04-16 10:38:00,999.99,878.42,1.84
276,8,Asian,7,Mens Apparel,affiliate referral,2021-09-26 13:12:00,45.98,37.54,1.84
277,9,American Indian,4,Electronics,affiliate referral,2021-07-08 00:11:00,345.67,330.85,22.56
278,6,African American,2,Mens Apparel,google ads,2021-08-07 17:15:00,34.56,30.99,1.98
279,11,Asian,1,Kids Toys,google ads,2021-10-03 02:26:00,23.45,19.2,0.61
280,9,American Indian,4,Electronics,affiliate referral,2021-01-22 09:44:00,345.67,345.55,1.59
281,8,Asian,3,Kitchen Appliance,affiliate referral,2021-01-06 17:32:00,99.99,81.56,6.89
282,2,American Indian,2,Mens Apparel,google ads,2021-05-08 09:21:00,34.56,29.52,2.77
283,1,Asian,1,Kids Toys,google organic,2021-01-27 14:37:00,23.45,20.29,0.11
284,12,Asian,6,Kids Toys,google ads,2021-02-25 21:02:00,45.67,41.1,3.05
285,3,Pacific Islander,1,Kids Toys,facebook organic,2021-04-21 10:29:00,23.45,22.35,1.65
286,2,American Indian,6,Kids Toys,google ads,2021-10-09 11:37:00,45.67,37.77,2.48
287,8,Asian,8,Kitchen Appliance,affiliate referral,2021-06-19 15:05:00,65.87,57.37,3.46
288,12,Asian,1,Kids Toys,google ads,2021-01-02 12:13:00,23.45,21.35,1.69
289,4,White,3,Kitchen Appliance,facebook ads,2021-06-18 06:48:00,99.99,86.38,2.63
290,1,Asian,2,Mens Apparel,google organic,2021-06-25 09:59:00,34.56,28.46,1.11
291,7,White,4,Electronics,facebook ads,2021-06-23 20:52:00,345.67,336.48,23.25
292,7,White,4,Electronics,facebook ads,2021-02-06 14:13:00,345.67,333.97,26.72
293,11,Asian,1,Kids Toys,google ads,2021-09-01 10:18:00,23.45,19.7,0.23
294,10,Pacific Islander,4,Electronics,google organic,2021-10-04 05:26:00,345.67,294.41,9.33
295,6,African American,4,Electronics,google ads,2021-05-08 21:24:00,345.67,336.4,17.2
296,8,Asian,2,Mens Apparel,affiliate referral,2021-10-18 08:02:00,34.56,28.7,0.94
297,8,Asian,1,Kids Toys,affiliate referral,2021-10-30 13:09:00,23.45,20.85,0.71
298,6,African American,5,Electronics,google ads,2021-12-26 06:42:00,999.99,977.08,68.9
299,3,Pacific Islander,4,Electronics,facebook organic,2021-06-03 23:48:00,345.67,294.27,19.06
300,5,African American,2,Mens Apparel,google ads,2021-12-21 22:49:00,34.56,29.11,0.1
301,7,White,1,Kids Toys,facebook ads,2021-09-29 15:34:00,23.45,20.97,0.55
302,5,African American,6,Kids Toys,google ads,2021-10-21 11:08:00,45.67,37.43,2.2
303,11,Asian,4,Electronics,google ads,2021-07-31 16:55:00,345.67,281.96,16.34
304,8,Asian,5,Electronics,affiliate referral,2021-05-12 18:38:00,999.99,894.31,47.74
305,10,Pacific Islander,7,Mens Apparel,google organic,2021-04-09 00:08:00,45.98,44.36,3.14
306,11,Asian,4,Electronics,google ads,2021-02-04 16:22:00,345.67,289.8,17.28
307,5,African American,3,Kitchen Appliance,google ads,2021-12-29 23:42:00,99.99,99.84,2.79
308,12,Asian,3,Kitchen Appliance,google ads,2021-03-02 04:48:00,99.99,95.18,2.22
309,4,White,8,Kitchen Appliance,facebook ads,2021-04-05 20:41:00,65.87,54.46,3.92
310,8,Asian,2,Mens Apparel,affiliate referral,2021-01-24 07:38:00,34.56,30.68,1.58
311,8,Asian,3,Kitchen Appliance,affiliate referral,2021-07-11 10:12:00,99.99,87.6,0.57
312,5,African American,8,Kitchen Appliance,google ads,2021-01-16 20:16:00,65.87,59.68,2.96
313,5,African American,2,Mens Apparel,google ads,2021-12-19 06:00:00,34.56,31.7,1.93
314,4,White,5,Electronics,facebook ads,2021-11-19 06:00:00,999.99,914.63,82.94
315,3,Pacific Islander,4,Electronics,facebook organic,2021-11-18 09:54:00,345.67,324.65,1.5
316,2,American Indian,3,Kitchen Appliance,google ads,2021-07-16 07:45:00,99.99,96.49,3.13
317,5,African American,3,Kitchen Appliance,google ads,2021-07-28 01:29:00,99.99,97.01,4.48
318,2,American Indian,6,Kids Toys,google ads,2021-03-25 06:37:00,45.67,36.76,2.74
319,1,Asian,3,Kitchen Appliance,google organic,2021-02-27 20:50:00,99.99,85.87,0.72
320,1,Asian,2,Mens Apparel,google organic,2021-12-01 05:37:00,34.56,28.12,0.81
321,7,White,1,Kids Toys,facebook ads,2021-09-12 16:30:00,23.45,22.0,1.06
322,11,Asian,3,Kitchen Appliance,google ads,2021-08-15 21:53:00,99.99,91.32,8.21
323,8,Asian,1,Kids Toys,affiliate referral,2021-02-07 23:31:00,23.45,20.01,0.57
324,5,African American,3,Kitchen Appliance,google ads,2021-12-11 02:43:00,99.99,97.74,6.85
325,3,Pacific Islander,3,Kitchen Appliance,facebook organic,2021-04-19 02:46:00,99.99,85.97,5.26
326,9,American Indian,2,Mens Apparel,affiliate referral,2021-03-02 21:19:00,34.56,33.48,0.39
327,7,White,1,Kids Toys,facebook ads,2021-05-15 16:36:00,23.45,19.25,1.2
328,3,Pacific Islander,3,Kitchen Appliance,facebook organic,2021-05-29 21:29:00,99.99,96.44,0.59
329,4,White,1,Kids Toys,facebook ads,2021-12-29 06:45:00,23.45,21.07,0.43
330,9,American Indian,1,Kids Toys,affiliate referral,2021-08-07 08:47:00,23.45,22.89,0.55
331,12,Asian,7,Mens Apparel,google ads,2021-08-14 08:23:00,45.98,44.59,3.37
332,12,Asian,1,Kids Toys,google ads,2021-07-14 05:32:00,23.45,20.77,1.15
333,12,Asian,6,Kids Toys,google ads,2021-04-22 13:51:00,45.67,38.45,1.5
334,3,Pacific Islander,8,Kitchen Appliance,facebook organic,2021-01-23 11:00:00,65.87,57.22,3.64
335,8,Asian,2,Mens Apparel,affiliate referral,2021-06-14 03:44:00,34.56,29.21,1.14
336,6,African American,6,Kids Toys,google ads,2021-01-30 10:25:00,45.67,41.57,0.22
337,2,American Indian,7,Mens Apparel,google ads,2021-03-13 07:05:00,45.98,43.04,0.93
338,2,American Indian,1,Kids Toys,google ads,2021-12-18 16:35:00,23.45,19.84,0.58
339,1,Asian,2,Mens Apparel,google organic,2021-03-17 17:56:00,34.56,27.66,1.15
340,11,Asian,2,Mens Apparel,google ads,2021-07-02 04:24:00,34.56,28.96,2.85
341,1,Asian,2,Mens Apparel,google organic,2021-03-24 18:24:00,34.56,29.53,0.72
342,2,American Indian,1,Kids Toys,google ads,2021-12-11 16:29:00,23.45,23.32,2.04
343,1,Asian,2,Mens Apparel,google organic,2021-06-22 11:02:00,34.56,33.11,1.59
344,1,Asian,2,Mens Apparel,google organic,2021-03-12 05:12:00,34.56,32.14,0.38
345,8,Asian,7,Mens Apparel,affiliate referral,2021-04-05 20:44:00,45.98,39.93,2.72
346,7,White,1,Kids Toys,facebook ads,2021-10-24 02:13:00,23.45,21.51,1.09
347,12,Asian,7,Mens Apparel,google ads,2021-10-15 22:33:00,45.98,37.41,2.31
348,6,African American,5,Electronics,google ads,2021-05-05 18:43:00,999.99,938.83,37.87
349,5,African American,2,Mens Apparel,google ads,2021-06-05 12:49:00,34.56,28.45,1.9
350,5,African American,6,Kids Toys,google ads,2021-04-14 00:52:00,45.67,45.32,1.44
351,8,Asian,1,Kids Toys,affiliate referral,2021-09-01 00:48:00,23.45,21.53,1.31
352,2,American Indian,6,Kids Toys,google ads,2021-12-14 09:33:00,45.67,36.62,1.98
353,6,African American,2,Mens Apparel,google ads,2021-03-03 18:51:00,34.56,31.32,0.92
354,7,White,5,Electronics,facebook ads,2021-06-20 13:20:00,999.99,894.41,40.53
355,5,African American,4,Electronics,google ads,2021-01-04 16:26:00,345.67,312.93,8.64
356,6,African American,3,Kitchen Appliance,google ads,2021-05-13 10:51:00,99.99,93.86,7.54
357,5,African American,3,Kitchen Appliance,google ads,2021-01-21 20:41:00,99.99,84.82,3.02
358,5,African American,5,Electronics,google ads,2021-09-26 02:01:00,999.99,967.53,47.2
359,9,American Indian,8,Kitchen Appliance,affiliate referral,2021-11-22 06:01:00,65.87,54.14,1.06
360,12,Asian,3,Kitchen Appliance,google ads,2021-07-23 19:48:00,99.99,83.76,5.01
361,12,Asian,7,Mens Apparel,google ads,2021-06-15 08:37:00,45.98,37.45,3.62
362,6,African American,4,Electronics,google ads,2021-08-21 14:46:00,345.67,317.7,23.58
363,5,African American,8,Kitchen Appliance,google ads,2021-04-10 00:23:00,65.87,61.3,5.42
364,3,Pacific Islander,8,Kitchen Appliance,facebook organic,2021-12-30 07:26:00,65.87,56.89,4.58
365,10,Pacific Islander,5,Electronics,google organic,2021-05-25 11:04:00,999.99,982.54,44.21
366,11,Asian,5,Electronics,google ads,2021-07-26 18:08:00,999.99,874.09,40.03
367,8,Asian,1,Kids Toys,affiliate referral,2021-08-14 01:13:00,23.45,20.5,0.78
368,3,Pacific Islander,3,Kitchen Appliance,facebook organic,2021-03-24 05:27:00,99.99,89.5,0.26
369,12,Asian,6,Kids Toys,google ads,2021-03-17 00:14:00,45.67,41.88,1.09
370,9,American Indian,3,Kitchen Appliance,affiliate referral,2021-08-10 03:46:00,99.99,89.26,0.92
371,4,White,2,Mens Apparel,facebook ads,2021-12-08 11:36:00,34.56,30.86,0.35
372,7,White,8,Kitchen Appliance,facebook ads,2021-04-15 02:27:00,65.87,61.26,2.85
373,12,Asian,1,Kids Toys,google ads,2021-01-21 13:37:00,23.45,21.03,1.25
374,9,American Indian,8,Kitchen Appliance,affiliate referral,2021-07-15 09:05:00,65.87,55.86,4.42
375,2,American Indian,7,Mens Apparel,google ads,2021-12-07 02:24:00,45.98,45.11,0.31
376,12,Asian,6,Kids Toys,google ads,2021-01-02 20:56:00,45.67,39.07,1.39
377,1,Asian,6,Kids Toys,google organic,2021-07-12 17:00:00,45.67,41.07,0.21
378,3,Pacific Islander,5,Electronics,facebook organic,2021-03-06 20:27:00,999.99,910.49,54.12
379,4,White,6,Kids Toys,facebook ads,2021-12-26 19:34:00,45.67,45.01,4.47
380,12,Asian,6,Kids Toys,google ads,2021-04-10 05:22:00,45.67,40.47,1.08
381,7,White,8,Kitchen Appliance,facebook ads,2021-03-21 11:21:00,65.87,53.16,2.88
382,5,African American,1,Kids Toys,google ads,2021-10-25 02:06:00,23.45,21.46,1.72
383,5,African American,1,Kids Toys,google ads,2021-11-05 05:38:00,23.45,22.03,0.72
384,6,African American,2,Mens Apparel,google ads,2021-06-12 14:52:00,34.56,28.12,0.81
385,9,American Indian,3,Kitchen Appliance,affiliate referral,2021-02-08 01:04:00,99.99,87.01,8.0
386,8,Asian,5,Electronics,affiliate referral,2021-10-18 17:15:00,999.99,962.86,84.88
387,8,Asian,2,Mens Apparel,affiliate referral,2021-06-11 10:04:00,34.56,33.59,2.43
388,9,American Indian,8,Kitchen Appliance,affiliate referral,2021-11-30 16:09:00,65.87,53.5,0.05
389,11,Asian,5,Electronics,google ads,2021-06-23 17:57:00,999.99,888.53,32.24
390,9,American Indian,1,Kids Toys,affiliate referral,2021-07-20 22:21:00,23.45,18.84,0.93
391,11,Asian,8,Kitchen Appliance,google ads,2021-08-11 05:36:00,65.87,52.9,0.32
392,10,Pacific Islander,8,Kitchen Appliance,google organic,2021-01-30 07:27:00,65.87,58.45,0.6
393,5,African American,1,Kids Toys,google ads,2021-02-01 16:41:00,23.45,18.94,0.41
394,7,White,4,Electronics,facebook ads,2021-03-24 22:20:00,345.67,325.66,13.63
395,12,Asian,5,Electronics,google ads,2021-01-04 15:10:00,999.99,881.64,13.36
396,2,American Indian,3,Kitchen Appliance,google ads,2021-03-24 09:11:00,99.99,92.38,5.2
397,4,White,8,Kitchen Appliance,facebook ads,2021-11-18 08:58:00,65.87,64.15,1.46
398,3,Pacific Islander,2,Mens Apparel,facebook organic,2021-12-18 05:05:00,34.56,28.79,2.02
399,1,Asian,2,Mens Apparel,google organic,2021-08-09 15:02:00,34.56,28.04,0.45
400,7,White,7,Mens Apparel,facebook ads,2021-05-02 17:59:00,45.98,42.97,0.62
401,4,White,1,Kids Toys,facebook ads,2021-12-31 02:25:00,23.45,20.47,1.54
402,8,Asian,3,Kitchen Appliance,affiliate referral,2021-03-08 01:04:00,99.99,85.72,2.87
403,6,African American,4,Electronics,google ads,2021-06-09 03:20:00,345.67,334.44,2.08
404,12,Asian,1,Kids Toys,google ads,2021-01-08 20:41:00,23.45,21.7,1.38
405,10,Pacific Islander,4,Electronics,google organic,2021-01-16 02:35:00,345.67,321.84,19.55
406,9,American Indian,2,Mens Apparel,affiliate referral,2021-07-12 18:13:00,34.56,31.83,1.0
407,10,Pacific Islander,4,Electronics,google organic,2021-11-12 10:44:00,345.67,297.69,10.88
408,6,African American,1,Kids Toys,google ads,2021-05-31 01:12:00,23.45,23.0,1.27
409,8,Asian,1,Kids Toys,affiliate referral,2021-01-17 23:24:00,23.45,19.78,1.24
410,11,Asian,7,Mens Apparel,google ads,2021-01-02 07:50:00,45.98,38.64,0.98
411,11,Asian,3,Kitchen Appliance,google ads,2021-11-07 15:11:00,99.99,85.41,3.13
412,12,Asian,7,Mens Apparel,google ads,2021-06-26 03:46:00,45.98,41.0,0.57
413,10,Pacific Islander,8,Kitchen Appliance,google organic,2021-12-04 06:54:00,65.87,54.03,0.12
414,1,Asian,8,Kitchen Appliance,google organic,2021-12-21 15:11:00,65.87,57.3,5.39
415,7,White,1,Kids Toys,facebook ads,2021-11-18 17:10:00,23.45,20.46,0.08
416,7,White,6,Kids Toys,facebook ads,2021-10-28 01:46:00,45.67,39.04,3.28
417,3,Pacific Islander,5,Electronics,facebook organic,2021-03-05 15:57:00,999.99,980.95,8.95
418,10,Pacific Islander,3,Kitchen Appliance,google organic,2021-07-05 15:19:00,99.99,98.7,6.91
419,3,Pacific Islander,5,Electronics,facebook organic,2021-02-10 04:09:00,999.99,887.26,58.1
420,1,Asian,8,Kitchen Appliance,google organic,2021-01-21 13:35:00,65.87,59.19,3.81
421,12,Asian,1,Kids Toys,google ads,2021-02-09 11:01:00,23.45,22.07,0.51
422,4,White,1,Kids Toys,facebook ads,2021-12-13 23:39:00,23.45,21.53,1.66
423,7,White,8,Kitchen Appliance,facebook ads,2021-02-15 07:42:00,65.87,57.45,4.59
424,8,Asian,2,Mens Apparel,affiliate referral,2021-10-06 02:31:00,34.56,29.37,1.38
425,7,White,7,Mens Apparel,facebook ads,2021-01-18 20:00:00,45.98,37.67,1.66
426,11,Asian,7,Mens Apparel,google ads,2021-07-13 06:56:00,45.98,39.25,0.5
427,11,Asian,6,Kids Toys,google ads,2021-01-22 12:19:00,45.67,36.63,0.4
428,1,Asian,3,Kitchen Appliance,google organic,2021-06-06 20:55:00,99.99,95.39,1.37
429,8,Asian,2,Mens Apparel,affiliate referral,2021-06-22 05:41:00,34.56,30.57,1.24
430,4,White,6,Kids Toys,facebook ads,2021-01-19 20:45:00,45.67,42.85,0.12
431,6,African American,6,Kids Toys,google ads,2021-07-31 02:50:00,45.67,45.41,1.51
432,4,White,7,Mens Apparel,facebook ads,2021-11-15 16:35:00,45.98,45.01,4.05
433,7,White,3,Kitchen Appliance,facebook ads,2021-04-19 05:00:00,99.99,82.36,4.25
434,9,American Indian,8,Kitchen Appliance,affiliate referral,2021-05-26 06:17:00,65.87,63.89,3.59
435,12,Asian,6,Kids Toys,google ads,2021-01-15 21:44:00,45.67,45.33,4.13
436,2,American Indian,3,Kitchen Appliance,google ads,2021-03-24 20:37:00,99.99,99.26,5.64
437,2,American Indian,7,Mens Apparel,google ads,2021-11-21 09:52:00,45.98,41.12,3.17
438,3,Pacific Islander,3,Kitchen Appliance,facebook organic,2021-07-31 19:16:00,99.99,92.63,0.34
439,3,Pacific Islander,1,Kids Toys,facebook organic,2021-04-30 11:04:00,23.45,18.93,0.15
440,6,African American,3,Kitchen Appliance,google ads,2021-11-23 11:55:00,99.99,95.31,3.34
441,3,Pacific Islander,1,Kids Toys,facebook organic,2021-05-22 11:43:00,23.45,22.3,1.7
442,8,Asian,1,Kids Toys,affiliate referral,2021-01-01 19:35:00,23.45,19.76,1.2
443,7,White,7,Mens Apparel,facebook ads,2021-10-16 06:21:00,45.98,45.01,1.05
444,10,Pacific Islander,6,Kids Toys,google organic,2021-01-23 07:12:00,45.67,41.1,2.76
445,9,American Indian,3,Kitchen Appliance,affiliate referral,2021-06-28 00:36:00,99.99,97.77,4.23
446,9,American Indian,8,Kitchen Appliance,affiliate referral,2021-07-29 14:53:00,65.87,59.1,3.53
447,1,Asian,5,Electronics,google organic,2021-07-05 05:37:00,999.99,827.32,28.35
448,8,Asian,4,Electronics,affiliate referral,2021-11-03 03:01:00,345.67,290.09,4.2
449,1,Asian,4,Electronics,google organic,2021-03-10 09:33:00,345.67,333.49,0.43
450,1,Asian,5,Electronics,google organic,2021-10-14 12:03:00,999.99,882.07,75.53
451,9,American Indian,4,Electronics,affiliate referral,2021-10-24 07:17:00,345.67,324.54,18.23
452,1,Asian,1,Kids Toys,google organic,2021-09-06 22:36:00,23.45,23.39,0.61
453,6,African American,7,Mens Apparel,google ads,2021-02-03 01:23:00,45.98,44.99,3.52
454,6,African American,3,Kitchen Appliance,google ads,2021-03-16 09:38:00,99.99,84.37,6.32
455,4,White,1,Kids Toys,facebook ads,2021-04-25 21:58:00,23.45,21.99,1.02
456,11,Asian,2,Mens Apparel,google ads,2021-04-14 09:46:00,34.56,30.07,0.23
457,12,Asian,1,Kids Toys,google ads,2021-03-07 02:31:00,23.45,20.72,1.35
458,11,Asian,1,Kids Toys,google ads,2021-04-23 01:10:00,23.45,22.39,1.22
459,4,White,6,Kids Toys,facebook ads,2021-04-12 13:24:00,45.67,41.53,0.68
460,3,Pacific Islander,5,Electronics,facebook organic,2021-05-01 12:00:00,999.99,835.92,30.34
461,5,African American,6,Kids Toys,google ads,2021-11-28 15:38:00,45.67,41.7,3.67
462,7,White,5,Electronics,facebook ads,2021-10-17 22:34:00,999.99,948.72,64.44
463,12,Asian,1,Kids Toys,google ads,2021-01-31 17:42:00,23.45,23.4,1.13
464,7,White,8,Kitchen Appliance,facebook ads,2021-03-15 08:25:00,65.87,62.82,1.3
465,7,White,4,Electronics,facebook ads,2021-02-27 00:01:00,345.67,326.87,12.28
466,3,Pacific Islander,1,Kids Toys,facebook organic,2021-04-29 22:50:00,23.45,20.92,1.09
467,6,African American,8,Kitchen Appliance,google ads,2021-11-18 22:33:00,65.87,63.16,3.21
468,12,Asian,2,Mens Apparel,google ads,2021-12-13 00:29:00,34.56,29.17,1.39
469,1,Asian,1,Kids Toys,google organic,2021-05-12 07:57:00,23.45,22.77,1.73
470,3,Pacific Islander,6,Kids Toys,facebook organic,2021-06-15 01:32:00,45.67,44.2,0.26
471,5,African American,8,Kitchen Appliance,google ads,2021-08-31 02:51:00,65.87,55.17,4.2
472,9,American Indian,1,Kids Toys,affiliate referral,2021-12-27 08:25:00,23.45,20.97,1.81
473,10,Pacific Islander,4,Electronics,google organic,2021-12-14 08:41:00,345.67,310.77,15.21
474,1,Asian,4,Electronics,google organic,2021-08-07 16:13:00,345.67,311.16,24.07
475,10,Pacific Islander,4,Electronics,google organic,2021-05-11 19:28:00,345.67,333.35,11.61
476,4,White,6,Kids Toys,facebook ads,2021-07-07 16:32:00,45.67,41.18,2.59
477,6,African American,5,Electronics,google ads,2021-07-18 05:37:00,999.99,878.22,34.09
478,10,Pacific Islander,1,Kids Toys,google organic,2021-01-05 12:14:00,23.45,19.69,0.43
479,4,White,6,Kids Toys,facebook ads,2021-02-07 10:38:00,45.67,40.4,0.63
480,1,Asian,7,Mens Apparel,google organic,2021-11-05 18:22:00,45.98,44.37,4.0
481,8,Asian,2,Mens Apparel,affiliate referral,2021-06-09 20:25:00,34.56,30.83,2.25
482,1,Asian,8,Kitchen Appliance,google organic,2021-12-02 07:28:00,65.87,60.95,1.95
483,6,African American,5,Electronics,google ads,2021-07-10 13:33:00,999.99,989.64,95.22
484,7,White,2,Mens Apparel,facebook ads,2021-04-13 16:36:00,34.56,34.5,0.42
485,6,African American,2,Mens Apparel,google ads,2021-12-19 04:21:00,34.56,29.14,0.96
486,5,African American,6,Kids Toys,google ads,2021-06-02 01:03:00,45.67,43.59,2.44
487,4,White,1,Kids Toys,facebook ads,2021-04-18 23:43:00,23.45,19.13,0.1
488,12,Asian,3,Kitchen Appliance,google ads,2021-12-14 11:09:00,99.99,96.36,3.49
489,3,Pacific Islander,6,Kids Toys,facebook organic,2021-03-13 09:53:00,45.67,37.27,1.47
490,11,Asian,2,Mens Apparel,google ads,2021-03-20 08:15:00,34.56,31.3,0.3
491,12,Asian,4,Electronics,google ads,2021-11-06 12:22:00,345.67,309.41,13.3
492,2,American Indian,1,Kids Toys,google ads,2021-04-28 01:57:00,23.45,21.4,0.26
493,9,American Indian,1,Kids Toys,affiliate referral,2021-07-23 03:26:00,23.45,21.31,0.73
494,6,African American,4,Electronics,google ads,2021-05-11 08:37:00,345.67,286.08,24.37
495,3,Pacific Islander,5,Electronics,facebook organic,2021-02-28 23:39:00,999.99,885.56,7.22
496,6,African American,6,Kids Toys,google ads,2021-09-23 02:15:00,45.67,39.52,2.04
497,8,Asian,8,Kitchen Appliance,affiliate referral,2021-02-22 22:09:00,65.87,53.22,0.61
498,12,Asian,7,Mens Apparel,google ads,2021-08-20 02:52:00,45.98,41.97,2.3
499,11,Asian,1,Kids Toys,google ads,2021-07-29 04:31:00,23.45,19.65,0.7
500,11,Asian,2,Mens Apparel,google ads,2021-11-22 08:46:00,34.56,28.11,0.93
501,2,American Indian,6,Kids Toys,google ads,2021-02-24 12:25:00,45.67,42.71,1.54
502,1,Asian,8,Kitchen Appliance,google organic,2021-09-26 11:41:00,65.87,59.49,5.38
503,2,American Indian,7,Mens Apparel,google ads,2021-01-23 20:30:00,45.98,38.66,0.97
504,5,African American,3,Kitchen Appliance,google ads,2021-03-02 22:56:00,99.99,89.75,5.87
505,5,African American,8,Kitchen Appliance,google ads,2021-10-20 19:03:00,65.87,57.63,5.49
506,9,American Indian,6,Kids Toys,affiliate referral,2021-08-08 17:42:00,45.67,41.97,0.86
507,8,Asian,5,Electronics,affiliate referral,2021-09-06 21:31:00,999.99,802.59,37.11
508,11,Asian,3,Kitchen Appliance,google ads,2021-08-22 09:03:00,99.99,83.9,7.99
509,11,Asian,4,Electronics,google ads,2021-07-31 18:34:00,345.67,279.47,22.73
510,4,White,7,Mens Apparel,facebook ads,2021-06-21 12:22:00,45.98,42.95,3.09
511,6,African American,8,Kitchen Appliance,google ads,2021-04-14 03:04:00,65.87,56.05,3.48
512,1,Asian,3,Kitchen Appliance,google organic,2021-04-16 12:56:00,99.99,96.99,4.3
513,5,African American,5,Electronics,google ads,2021-04-17 07:48:00,999.99,963.41,83.13
514,12,Asian,6,Kids Toys,google ads,2021-11-04 03:59:00,45.67,37.01,2.61
515,4,White,8,Kitchen Appliance,facebook ads,2021-10-29 06:54:00,65.87,63.06,3.83
516,5,African American,6,Kids Toys,google ads,2021-02-26 05:26:00,45.67,43.21,2.11
517,2,American Indian,4,Electronics,google ads,2021-03-12 05:49:00,345.67,298.01,21.99
518,4,White,3,Kitchen Appliance,facebook ads,2021-10-25 22:58:00,99.99,84.88,0.78
519,6,African American,6,Kids Toys,google ads,2022-01-01 04:04:00,45.67,45.58,1.68
520,1,Asian,6,Kids Toys,google organic,2021-11-09 12:40:00,45.67,40.56,3.78
521,9,American Indian,4,Electronics,affiliate referral,2021-02-17 11:16:00,345.67,335.6,25.51
522,11,Asian,2,Mens Apparel,google ads,2021-09-14 22:29:00,34.56,28.59,2.14
523,7,White,2,Mens Apparel,facebook ads,2021-07-26 04:55:00,34.56,32.33,0.35
524,4,White,3,Kitchen Appliance,facebook ads,2021-03-01 16:35:00,99.99,83.31,1.17
525,2,American Indian,1,Kids Toys,google ads,2021-03-24 20:46:00,23.45,22.48,0.87
526,2,American Indian,5,Electronics,google ads,2021-02-25 04:17:00,999.99,958.49,91.55
527,11,Asian,3,Kitchen Appliance,google ads,2021-01-23 06:31:00,99.99,81.59,7.58
528,2,American Indian,8,Kitchen Appliance,google ads,2021-04-20 11:58:00,65.87,64.58,2.52
529,11,Asian,7,Mens Apparel,google ads,2021-10-25 14:29:00,45.98,39.96,2.94
530,12,Asian,1,Kids Toys,google ads,2021-03-01 08:44:00,23.45,20.19,0.8
531,4,White,6,Kids Toys,facebook ads,2021-08-21 10:16:00,45.67,44.31,0.2
532,10,Pacific Islander,6,Kids Toys,google organic,2021-01-11 21:35:00,45.67,38.88,0.39
533,6,African American,6,Kids Toys,google ads,2021-01-20 00:45:00,45.67,44.7,4.1
534,5,African American,3,Kitchen Appliance,google ads,2021-08-23 00:37:00,99.99,88.95,3.3
535,6,African American,6,Kids Toys,google ads,2021-01-13 22:51:00,45.67,43.37,3.12
536,10,Pacific Islander,1,Kids Toys,google organic,2021-09-21 09:18:00,23.45,19.92,0.03
537,7,White,3,Kitchen Appliance,facebook ads,2021-05-31 00:53:00,99.99,80.89,0.46
538,2,American Indian,6,Kids Toys,google ads,2021-09-08 11:32:00,45.67,39.04,2.8
539,6,African American,5,Electronics,google ads,2021-09-30 20:29:00,999.99,805.81,62.49
540,6,African American,4,Electronics,google ads,2021-08-04 19:53:00,345.67,280.15,19.48
541,12,Asian,5,Electronics,google ads,2021-05-29 19:56:00,999.99,927.17,48.45
542,6,African American,4,Electronics,google ads,2021-02-26 13:55:00,345.67,305.6,0.61
543,2,American Indian,3,Kitchen Appliance,google ads,2021-04-08 14:42:00,99.99,99.21,8.3
544,3,Pacific Islander,5,Electronics,facebook organic,2021-08-21 10:35:00,999.99,913.65,37.13
545,11,Asian,1,Kids Toys,google ads,2021-04-20 00:27:00,23.45,18.82,0.16
546,3,Pacific Islander,8,Kitchen Appliance,facebook organic,2021-08-27 06:10:00,65.87,59.62,4.46
547,8,Asian,5,Electronics,affiliate referral,2021-06-12 11:03:00,999.99,937.24,78.44
548,12,Asian,8,Kitchen Appliance,google ads,2021-01-25 16:40:00,65.87,56.55,1.55
549,1,Asian,3,Kitchen Appliance,google organic,2021-11-06 03:41:00,99.99,85.87,6.32
550,5,African American,5,Electronics,google ads,2021-04-06 09:23:00,999.99,921.33,43.68
551,3,Pacific Islander,3,Kitchen Appliance,facebook organic,2021-05-02 14:01:00,99.99,81.01,6.38
552,5,African American,8,Kitchen Appliance,google ads,2021-03-12 22:18:00,65.87,54.3,5.38
553,11,Asian,4,Electronics,google ads,2021-08-31 06:42:00,345.67,323.28,26.64
554,8,Asian,2,Mens Apparel,affiliate referral,2021-04-17 19:43:00,34.56,28.35,2.3
555,6,African American,1,Kids Toys,google ads,2021-12-31 23:07:00,23.45,20.11,0.2
556,3,Pacific Islander,8,Kitchen Appliance,facebook organic,2021-09-19 10:07:00,65.87,65.1,5.39
557,9,American Indian,7,Mens Apparel,affiliate referral,2021-04-17 12:24:00,45.98,43.74,0.57
558,12,Asian,2,Mens Apparel,google ads,2021-02-02 05:07:00,34.56,32.27,2.46
559,3,Pacific Islander,7,Mens Apparel,facebook organic,2021-12-29 19:30:00,45.98,38.91,3.84
560,4,White,4,Electronics,facebook ads,2021-04-24 12:28:00,345.67,315.73,6.1
561,5,African American,3,Kitchen Appliance,google ads,2021-07-11 17:09:00,99.99,83.79,3.79
562,7,White,3,Kitchen Appliance,facebook ads,2021-03-11 22:38:00,99.99,89.82,0.51
563,1,Asian,2,Mens Apparel,google organic,2021-02-27 18:46:00,34.56,29.0,1.64
564,1,Asian,4,Electronics,google organic,2021-05-14 23:58:00,345.67,283.78,3.86
565,6,African American,8,Kitchen Appliance,google ads,2021-03-21 13:59:00,65.87,62.19,2.64
566,10,Pacific Islander,3,Kitchen Appliance,google organic,2021-12-07 02:20:00,99.99,85.99,0.63
567,8,Asian,1,Kids Toys,affiliate referral,2021-06-21 10:58:00,23.45,21.72,2.0
568,10,Pacific Islander,1,Kids Toys,google organic,2021-05-18 15:42:00,23.45,20.06,1.15
569,9,American Indian,5,Electronics,affiliate referral,2021-04-07 02:25:00,999.99,905.6,12.69
570,7,White,1,Kids Toys,facebook ads,2021-03-30 20:03:00,23.45,22.01,0.86
571,2,American Indian,3,Kitchen Appliance,google ads,2021-01-25 19:21:00,99.99,90.22,4.27
572,8,Asian,5,Electronics,affiliate referral,2021-01-18 02:10:00,999.99,927.44,44.03
573,1,Asian,1,Kids Toys,google organic,2021-03-26 04:01:00,23.45,23.1,0.79
574,3,Pacific Islander,1,Kids Toys,facebook organic,2021-02-17 14:28:00,23.45,18.85,0.68
575,9,American Indian,5,Electronics,affiliate referral,2021-12-27 06:17:00,999.99,919.21,8.26
576,4,White,7,Mens Apparel,facebook ads,2021-03-28 01:42:00,45.98,42.64,3.75
577,5,African American,3,Kitchen Appliance,google ads,2021-10-08 17:10:00,99.99,82.68,7.88
578,4,White,1,Kids Toys,facebook ads,2021-07-11 05:08:00,23.45,21.48,0.43
579,4,White,4,Electronics,facebook ads,2021-06-20 23:55:00,345.67,283.08,7.35
580,3,Pacific Islander,5,Electronics,facebook organic,2021-07-11 20:53:00,999.99,861.65,57.46
581,11,Asian,7,Mens Apparel,google ads,2021-07-27 11:43:00,45.98,38.39,2.44
582,10,Pacific Islander,6,Kids Toys,google organic,2021-05-26 19:26:00,45.67,43.16,3.95
583,5,African American,3,Kitchen Appliance,google ads,2021-06-22 10:13:00,99.99,85.27,4.99
584,9,American Indian,2,Mens Apparel,affiliate referral,2021-03-25 17:40:00,34.56,27.89,1.13
585,10,Pacific Islander,7,Mens Apparel,google organic,2021-07-12 06:33:00,45.98,38.26,2.57
586,9,American Indian,4,Electronics,affiliate referral,2021-03-01 11:03:00,345.67,276.98,15.8
587,7,White,8,Kitchen Appliance,facebook ads,2021-01-14 00:01:00,65.87,55.94,1.72
588,6,African American,6,Kids Toys,google ads,2021-02-12 13:41:00,45.67,44.28,0.15
589,7,White,3,Kitchen Appliance,facebook ads,2021-11-06 01:00:00,99.99,95.51,3.57
590,11,Asian,4,Electronics,google ads,2021-07-14 14:11:00,345.67,324.23,12.06
591,4,White,2,Mens Apparel,facebook ads,2021-06-23 00:02:00,34.56,32.51,2.31
592,3,Pacific Islander,5,Electronics,facebook organic,2021-06-16 01:52:00,999.99,946.81,54.52
593,7,White,7,Mens Apparel,facebook ads,2021-07-23 04:13:00,45.98,45.27,3.97
594,3,Pacific Islander,5,Electronics,facebook organic,2021-02-20 10:40:00,999.99,846.38,28.31
595,1,Asian,6,Kids Toys,google organic,2021-06-27 02:04:00,45.67,42.8,2.21
596,4,White,1,Kids Toys,facebook ads,2021-03-28 04:17:00,23.45,21.29,0.43
597,6,African American,4,Electronics,google ads,2021-03-19 10:49:00,345.67,301.89,26.05
598,11,Asian,3,Kitchen Appliance,google ads,2021-01-04 15:00:00,99.99,95.28,0.94
599,2,American Indian,8,Kitchen Appliance,google ads,2021-06-29 07:56:00,65.87,63.53,1.5
600,6,African American,6,Kids Toys,google ads,2021-11-16 23:43:00,45.67,42.91,0.08
601,12,Asian,5,Electronics,google ads,2021-08-31 23:59:00,999.99,873.41,19.39
602,6,African American,5,Electronics,google ads,2021-12-14 22:31:00,999.99,811.6,27.11
603,5,African American,8,Kitchen Appliance,google ads,2021-08-29 11:54:00,65.87,60.2,4.9
604,1,Asian,1,Kids Toys,google organic,2021-07-28 10:22:00,23.45,21.19,0.53
605,7,White,6,Kids Toys,facebook ads,2021-10-18 03:00:00,45.67,36.55,2.53
606,6,African American,1,Kids Toys,google ads,2021-05-13 16:57:00,23.45,19.54,1.48
607,4,White,7,Mens Apparel,facebook ads,2021-10-02 19:43:00,45.98,38.68,3.73
608,7,White,5,Electronics,facebook ads,2021-04-18 13:30:00,999.99,953.53,19.53
609,2,American Indian,1,Kids Toys,google ads,2021-11-02 23:50:00,23.45,19.91,1.43
610,12,Asian,7,Mens Apparel,google ads,2021-03-01 00:57:00,45.98,39.02,2.51
611,10,Pacific Islander,3,Kitchen Appliance,google organic,2021-07-10 08:36:00,99.99,97.66,8.41
612,6,African American,2,Mens Apparel,google ads,2021-09-11 23:33:00,34.56,29.02,0.0
613,6,African American,7,Mens Apparel,google ads,2021-05-24 21:38:00,45.98,45.6,1.9
614,8,Asian,1,Kids Toys,affiliate referral,2021-06-13 03:58:00,23.45,22.68,1.08
615,8,Asian,7,Mens Apparel,affiliate referral,2021-11-23 10:09:00,45.98,38.5,1.04
616,4,White,1,Kids Toys,facebook ads,2021-01-09 06:39:00,23.45,22.78,0.98
617,11,Asian,1,Kids Toys,google ads,2021-09-28 15:09:00,23.45,23.16,1.41
618,9,American Indian,1,Kids Toys,affiliate referral,2021-10-21 19:18:00,23.45,22.66,1.24
619,6,African American,1,Kids Toys,google ads,2021-06-13 01:17:00,23.45,23.41,0.7
620,5,African American,8,Kitchen Appliance,google ads,2021-06-15 05:55:00,65.87,59.24,1.4
621,10,Pacific Islander,3,Kitchen Appliance,google organic,2021-12-29 03:06:00,99.99,92.98,4.12
622,2,American Indian,3,Kitchen Appliance,google ads,2021-09-06 16:46:00,99.99,84.09,1.25
623,12,Asian,8,Kitchen Appliance,google ads,2021-10-13 02:34:00,65.87,65.64,3.64
624,11,Asian,8,Kitchen Appliance,google ads,2021-11-01 11:52:00,65.87,62.9,6.01
625,8,Asian,1,Kids Toys,affiliate referral,2021-08-17 07:53:00,23.45,21.94,1.14
626,7,White,3,Kitchen Appliance,facebook ads,2021-05-13 16:05:00,99.99,82.26,1.38
627,10,Pacific Islander,8,Kitchen Appliance,google organic,2021-11-27 19:12:00,65.87,53.59,2.82
628,9,American Indian,1,Kids Toys,affiliate referral,2021-09-28 05:37:00,23.45,21.16,1.39
629,2,American Indian,7,Mens Apparel,google ads,2021-03-13 21:49:00,45.98,44.8,2.05
630,5,African American,3,Kitchen Appliance,google ads,2021-09-13 10:57:00,99.99,88.06,5.21
631,7,White,3,Kitchen Appliance,facebook ads,2021-04-20 10:55:00,99.99,82.95,4.75
632,9,American Indian,3,Kitchen Appliance,affiliate referral,2021-01-22 19:18:00,99.99,96.53,6.8
633,5,African American,2,Mens Apparel,google ads,2021-12-01 08:39:00,34.56,27.87,2.51
634,5,African American,4,Electronics,google ads,2021-04-22 15:16:00,345.67,305.23,3.73
635,2,American Indian,6,Kids Toys,google ads,2021-08-29 18:29:00,45.67,44.07,1.28
636,10,Pacific Islander,3,Kitchen Appliance,google organic,2021-11-01 20:40:00,99.99,83.69,2.98
637,8,Asian,4,Electronics,affiliate referral,2021-01-28 04:19:00,345.67,277.58,24.33
638,5,African American,5,Electronics,google ads,2021-09-19 04:04:00,999.99,937.18,68.74
639,8,Asian,6,Kids Toys,affiliate referral,2021-11-22 04:34:00,45.67,44.22,0.44
640,8,Asian,5,Electronics,affiliate referral,2022-01-01 01:52:00,999.99,839.57,53.92
641,9,American Indian,1,Kids Toys,affiliate referral,2021-11-03 06:30:00,23.45,19.35,1.55
642,12,Asian,8,Kitchen Appliance,google ads,2021-01-25 16:44:00,65.87,60.79,3.11
643,11,Asian,5,Electronics,google ads,2021-03-13 07:07:00,999.99,800.25,72.65
644,11,Asian,4,Electronics,google ads,2021-09-18 19:09:00,345.67,299.71,22.75
645,4,White,1,Kids Toys,facebook ads,2021-09-03 11:04:00,23.45,20.69,0.49
646,8,Asian,5,Electronics,affiliate referral,2021-10-18 20:52:00,999.99,801.74,70.02
647,4,White,7,Mens Apparel,facebook ads,2021-08-18 14:25:00,45.98,38.41,2.86
648,5,African American,1,Kids Toys,google ads,2021-11-18 23:14:00,23.45,20.88,1.38
649,9,American Indian,4,Electronics,affiliate referral,2021-05-29 08:31:00,345.67,338.94,27.62
650,10,Pacific Islander,8,Kitchen Appliance,google organic,2021-06-09 12:49:00,65.87,65.52,5.45
651,8,Asian,5,Electronics,affiliate referral,2021-09-09 02:42:00,999.99,905.44,65.52
652,7,White,6,Kids Toys,facebook ads,2021-07-24 05:22:00,45.67,38.82,2.6
653,7,White,8,Kitchen Appliance,facebook ads,2021-04-18 11:01:00,65.87,63.76,2.86
654,2,American Indian,8,Kitchen Appliance,google ads,2021-01-10 12:18:00,65.87,61.19,2.6
655,8,Asian,5,Electronics,affiliate referral,2021-10-09 08:42:00,999.99,976.17,55.29
656,1,Asian,6,Kids Toys,google organic,2021-06-07 16:09:00,45.67,38.17,0.19
657,12,Asian,7,Mens Apparel,google ads,2021-10-25 09:55:00,45.98,40.47,1.83
658,4,White,6,Kids Toys,facebook ads,2021-11-22 06:57:00,45.67,45.02,3.99
659,6,African American,8,Kitchen Appliance,google ads,2021-07-04 16:00:00,65.87,56.34,3.99
660,8,Asian,5,Electronics,affiliate referral,2021-02-27 23:53:00,999.99,992.96,93.07
661,4,White,2,Mens Apparel,facebook ads,2021-11-14 18:22:00,34.56,32.8,1.25
662,1,Asian,5,Electronics,google organic,2021-01-07 08:21:00,999.99,867.84,75.26
663,10,Pacific Islander,6,Kids Toys,google organic,2021-08-31 02:01:00,45.67,38.07,2.84
664,12,Asian,6,Kids Toys,google ads,2021-11-02 23:30:00,45.67,38.79,1.05
665,7,White,8,Kitchen Appliance,facebook ads,2021-03-09 15:21:00,65.87,65.13,5.85
666,6,African American,4,Electronics,google ads,2021-05-15 18:50:00,345.67,331.48,30.24
667,3,Pacific Islander,6,Kids Toys,facebook organic,2021-07-17 07:22:00,45.67,37.87,1.92
668,1,Asian,4,Electronics,google organic,2021-10-19 08:17:00,345.67,340.11,23.47
669,9,American Indian,1,Kids Toys,affiliate referral,2021-03-17 18:00:00,23.45,18.76,0.54
670,6,African American,6,Kids Toys,google ads,2021-08-06 20:52:00,45.67,38.29,3.74
671,9,American Indian,5,Electronics,affiliate referral,2021-09-24 06:57:00,999.99,848.39,57.75
672,7,White,4,Electronics,facebook ads,2021-06-02 00:06:00,345.67,304.01,11.74
673,2,American Indian,6,Kids Toys,google ads,2021-10-06 13:40:00,45.67,38.07,2.87
674,9,American Indian,4,Electronics,affiliate referral,2021-11-01 06:15:00,345.67,334.96,26.01
675,3,Pacific Islander,2,Mens Apparel,facebook organic,2021-01-19 09:17:00,34.56,32.69,0.58
676,8,Asian,5,Electronics,affiliate referral,2021-06-08 11:16:00,999.99,804.74,39.7
677,10,Pacific Islander,1,Kids Toys,google organic,2021-06-22 22:15:00,23.45,18.83,1.66
678,2,American Indian,5,Electronics,google ads,2021-06-07 20:13:00,999.99,805.04,45.3
679,12,Asian,8,Kitchen Appliance,google ads,2021-03-03 22:22:00,65.87,60.6,0.46
680,6,African American,4,Electronics,google ads,2021-07-24 04:03:00,345.67,289.13,19.73
681,10,Pacific Islander,8,Kitchen Appliance,google organic,2021-06-24 05:18:00,65.87,55.82,1.83
682,10,Pacific Islander,4,Electronics,google organic,2021-02-17 18:22:00,345.67,293.0,29.22
683,5,African American,7,Mens Apparel,google ads,2021-03-04 21:00:00,45.98,43.7,3.18
684,1,Asian,8,Kitchen Appliance,google organic,2021-09-04 07:10:00,65.87,64.36,0.03
685,1,Asian,1,Kids Toys,google organic,2021-05-29 04:43:00,23.45,21.75,1.81
686,6,African American,4,Electronics,google ads,2021-05-11 18:53:00,345.67,340.63,13.53
687,9,American Indian,7,Mens Apparel,affiliate referral,2021-10-09 00:16:00,45.98,42.43,3.19
688,6,African American,8,Kitchen Appliance,google ads,2021-08-13 14:40:00,65.87,58.19,0.62
689,10,Pacific Islander,4,Electronics,google organic,2021-10-12 03:43:00,345.67,283.5,15.28
690,12,Asian,1,Kids Toys,google ads,2021-06-08 20:21:00,23.45,21.13,0.74
691,3,Pacific Islander,8,Kitchen Appliance,facebook organic,2021-07-02 19:42:00,65.87,58.05,2.36
692,6,African American,5,Electronics,google ads,2021-05-15 22:43:00,999.99,820.55,10.99
693,4,White,5,Electronics,facebook ads,2021-04-20 06:34:00,999.99,939.9,38.01
694,4,White,6,Kids Toys,facebook ads,2021-09-16 07:34:00,45.67,38.44,3.64
695,6,African American,6,Kids Toys,google ads,2021-04-04 15:30:00,45.67,38.07,1.04
696,6,African American,2,Mens Apparel,google ads,2021-07-12 01:50:00,34.56,30.09,1.36
697,2,American Indian,3,Kitchen Appliance,google ads,2021-05-11 23:44:00,99.99,81.79,3.18
698,11,Asian,6,Kids Toys,google ads,2021-08-23 01:08:00,45.67,44.77,0.5
699,5,African American,7,Mens Apparel,google ads,2021-07-21 18:52:00,45.98,40.85,3.32
700,2,American Indian,8,Kitchen Appliance,google ads,2021-06-09 14:48:00,65.87,64.44,2.46
701,4,White,5,Electronics,facebook ads,2021-10-07 06:08:00,999.99,932.23,74.52
702,4,White,3,Kitchen Appliance,facebook ads,2021-10-10 04:12:00,99.99,96.69,6.74
703,3,Pacific Islander,2,Mens Apparel,facebook organic,2021-11-07 14:56:00,34.56,30.07,1.26
704,8,Asian,4,Electronics,affiliate referral,2021-02-24 21:07:00,345.67,292.96,14.37
705,3,Pacific Islander,3,Kitchen Appliance,facebook organic,2021-06-18 00:26:00,99.99,98.96,4.21
706,2,American Indian,3,Kitchen Appliance,google ads,2021-12-27 15:04:00,99.99,90.19,8.91
707,11,Asian,4,Electronics,google ads,2021-07-13 08:11:00,345.67,323.02,15.87
708,11,Asian,2,Mens Apparel,google ads,2021-04-12 19:00:00,34.56,33.78,0.12
709,11,Asian,6,Kids Toys,google ads,2021-05-10 17:06:00,45.67,38.44,2.37
710,5,African American,5,Electronics,google ads,2021-04-04 04:39:00,999.99,957.63,35.48
711,9,American Indian,8,Kitchen Appliance,affiliate referral,2021-03-08 01:33:00,65.87,52.73,0.02
712,8,Asian,6,Kids Toys,affiliate referral,2021-08-30 14:16:00,45.67,40.43,0.73
713,5,African American,4,Electronics,google ads,2021-01-30 18:54:00,345.67,309.91,15.58
714,1,Asian,8,Kitchen Appliance,google organic,2021-03-29 07:34:00,65.87,55.54,1.1
715,8,Asian,2,Mens Apparel,affiliate referral,2021-07-10 01:54:00,34.56,34.15,3.16
716,3,Pacific Islander,7,Mens Apparel,facebook organic,2021-08-19 10:14:00,45.98,45.03,0.77
717,10,Pacific Islander,7,Mens Apparel,google organic,2021-10-03 09:29:00,45.98,40.35,1.22
718,11,Asian,4,Electronics,google ads,2021-06-08 01:20:00,345.67,343.13,10.19
719,12,Asian,7,Mens Apparel,google ads,2021-10-13 05:49:00,45.98,44.57,4.19
720,3,Pacific Islander,1,Kids Toys,facebook organic,2021-08-03 13:02:00,23.45,22.07,1.11
721,4,White,5,Electronics,facebook ads,2021-05-13 21:24:00,999.99,936.71,78.92
722,2,American Indian,3,Kitchen Appliance,google ads,2021-10-16 09:39:00,99.99,84.38,4.75
723,4,White,1,Kids Toys,facebook ads,2021-12-27 23:09:00,23.45,21.79,2.03
724,11,Asian,8,Kitchen Appliance,google ads,2021-01-13 10:09:00,65.87,53.28,1.7
725,11,Asian,8,Kitchen Appliance,google ads,2021-10-04 11:27:00,65.87,56.01,3.75
726,5,African American,7,Mens Apparel,google ads,2021-07-07 08:40:00,45.98,44.34,4.12
727,11,Asian,7,Mens Apparel,google ads,2021-06-16 08:05:00,45.98,43.6,0.93
728,3,Pacific Islander,4,Electronics,facebook organic,2021-03-07 10:13:00,345.67,342.89,19.97
729,9,American Indian,2,Mens Apparel,affiliate referral,2021-05-16 23:09:00,34.56,28.62,0.0
730,7,White,4,Electronics,facebook ads,2021-02-06 01:19:00,345.67,302.86,6.91
731,2,American Indian,4,Electronics,google ads,2021-05-09 06:22:00,345.67,340.62,8.01
732,9,American Indian,6,Kids Toys,affiliate referral,2021-08-23 15:34:00,45.67,41.84,1.76
733,9,American Indian,1,Kids Toys,affiliate referral,2021-01-11 18:57:00,23.45,21.98,0.82
734,10,Pacific Islander,7,Mens Apparel,google organic,2021-08-09 09:22:00,45.98,45.71,4.41
735,1,Asian,5,Electronics,google organic,2021-08-09 15:09:00,999.99,803.39,49.65
736,2,American Indian,4,Electronics,google ads,2021-09-27 05:08:00,345.67,335.47,22.59
737,6,African American,3,Kitchen Appliance,google ads,2021-12-30 08:31:00,99.99,98.11,2.2
738,4,White,4,Electronics,facebook ads,2021-06-21 07:07:00,345.67,338.77,1.49
739,6,African American,4,Electronics,google ads,2021-04-26 18:46:00,345.67,345.22,13.84
740,7,White,6,Kids Toys,facebook ads,2021-09-17 12:37:00,45.67,41.58,3.74
741,8,Asian,6,Kids Toys,affiliate referral,2021-07-30 18:48:00,45.67,40.26,3.93
742,9,American Indian,7,Mens Apparel,affiliate referral,2021-01-24 10:17:00,45.98,45.38,4.5
743,3,Pacific Islander,4,Electronics,facebook organic,2021-12-17 20:22:00,345.67,285.83,14.73
744,3,Pacific Islander,4,Electronics,facebook organic,2021-09-05 20:19:00,345.67,326.59,22.42
745,8,Asian,4,Electronics,affiliate referral,2021-09-01 04:40:00,345.67,299.74,29.66
746,5,African American,5,Electronics,google ads,2021-03-21 04:17:00,999.99,950.77,11.67
747,3,Pacific Islander,8,Kitchen Appliance,facebook organic,2021-08-06 12:50:00,65.87,56.64,0.17
748,8,Asian,2,Mens Apparel,affiliate referral,2021-08-17 13:19:00,34.56,28.5,0.16
749,2,American Indian,1,Kids Toys,google ads,2021-03-07 18:03:00,23.45,23.19,2.21
750,4,White,4,Electronics,facebook ads,2021-10-26 10:28:00,345.67,319.01,13.09
751,1,Asian,4,Electronics,google organic,2021-03-09 06:10:00,345.67,317.44,0.52
752,1,Asian,2,Mens Apparel,google organic,2021-08-27 09:44:00,34.56,33.74,1.15
753,11,Asian,4,Electronics,google ads,2021-03-20 18:35:00,345.67,288.72,18.93
754,3,Pacific Islander,7,Mens Apparel,facebook organic,2021-10-06 04:47:00,45.98,45.47,3.7
755,4,White,8,Kitchen Appliance,facebook ads,2021-12-19 23:19:00,65.87,65.55,2.51
756,12,Asian,8,Kitchen Appliance,google ads,2021-08-02 19:15:00,65.87,52.82,5.02
757,10,Pacific Islander,7,Mens Apparel,google organic,2021-04-07 20:31:00,45.98,38.35,3.58
758,3,Pacific Islander,3,Kitchen Appliance,facebook organic,2021-03-19 12:07:00,99.99,89.38,1.89
759,8,Asian,1,Kids Toys,affiliate referral,2021-12-05 00:25:00,23.45,20.97,1.38
760,4,White,1,Kids Toys,facebook ads,2021-06-09 13:50:00,23.45,23.03,1.76
761,10,Pacific Islander,2,Mens Apparel,google organic,2021-07-12 11:21:00,34.56,31.58,2.15
762,12,Asian,4,Electronics,google ads,2021-04-04 08:32:00,345.67,300.65,29.14
763,2,American Indian,5,Electronics,google ads,2021-01-11 16:26:00,999.99,966.47,5.47
764,9,American Indian,5,Electronics,affiliate referral,2021-07-16 06:12:00,999.99,944.92,65.39
765,3,Pacific Islander,6,Kids Toys,facebook organic,2021-08-27 07:22:00,45.67,45.64,1.41
766,6,African American,7,Mens Apparel,google ads,2021-03-25 15:56:00,45.98,40.92,3.83
767,1,Asian,3,Kitchen Appliance,google organic,2021-04-03 09:44:00,99.99,88.03,7.1
768,10,Pacific Islander,4,Electronics,google organic,2021-09-28 17:15:00,345.67,292.39,6.45
769,5,African American,8,Kitchen Appliance,google ads,2021-10-12 01:43:00,65.87,54.6,2.56
770,11,Asian,5,Electronics,google ads,2021-02-17 18:18:00,999.99,969.65,70.98
771,3,Pacific Islander,2,Mens Apparel,facebook organic,2021-11-01 14:29:00,34.56,30.2,0.49
772,4,White,7,Mens Apparel,facebook ads,2021-10-27 16:36:00,45.98,36.84,2.2
773,3,Pacific Islander,1,Kids Toys,facebook organic,2021-04-17 16:40:00,23.45,21.25,1.74
774,6,African American,4,Electronics,google ads,2021-10-14 15:45:00,345.67,327.19,25.49
775,3,Pacific Islander,4,Electronics,facebook organic,2021-11-01 12:09:00,345.67,289.45,11.46
776,8,Asian,6,Kids Toys,affiliate referral,2021-05-15 22:55:00,45.67,42.74,3.34
777,6,African American,3,Kitchen Appliance,google ads,2021-02-01 02:45:00,99.99,93.11,8.83
778,5,African American,5,Electronics,google ads,2021-01-02 12:35:00,999.99,822.08,26.29
779,4,White,7,Mens Apparel,facebook ads,2021-03-07 18:33:00,45.98,42.03,3.56
780,11,Asian,7,Mens Apparel,google ads,2021-02-25 14:12:00,45.98,38.79,3.79
781,6,African American,2,Mens Apparel,google ads,2021-12-30 20:01:00,34.56,27.77,0.04
782,9,American Indian,6,Kids Toys,affiliate referral,2021-01-05 00:30:00,45.67,41.16,0.77
783,12,Asian,5,Electronics,google ads,2021-11-16 06:40:00,999.99,944.78,51.78
784,12,Asian,1,Kids Toys,google ads,2021-04-22 20:27:00,23.45,21.13,1.95
785,12,Asian,6,Kids Toys,google ads,2021-04-03 04:14:00,45.67,41.5,1.31
786,11,Asian,6,Kids Toys,google ads,2021-11-11 05:56:00,45.67,42.46,1.07
787,4,White,4,Electronics,facebook ads,2021-01-02 10:39:00,345.67,317.49,11.84
788,1,Asian,5,Electronics,google organic,2021-12-05 09:50:00,999.99,962.41,94.54
789,9,American Indian,8,Kitchen Appliance,affiliate referral,2021-03-08 19:33:00,65.87,64.95,0.18
790,8,Asian,7,Mens Apparel,affiliate referral,2021-05-09 01:22:00,45.98,43.34,2.74
791,8,Asian,1,Kids Toys,affiliate referral,2021-08-01 21:43:00,23.45,22.93,1.69
792,7,White,5,Electronics,facebook ads,2021-11-22 20:02:00,999.99,922.19,41.89
793,9,American Indian,7,Mens Apparel,affiliate referral,2021-04-05 21:45:00,45.98,45.48,1.99
794,10,Pacific Islander,1,Kids Toys,google organic,2021-04-11 04:36:00,23.45,21.14,1.21
795,11,Asian,3,Kitchen Appliance,google ads,2021-04-01 03:35:00,99.99,94.51,7.8
796,8,Asian,2,Mens Apparel,affiliate referral,2021-08-07 12:24:00,34.56,31.68,0.38
797,10,Pacific Islander,8,Kitchen Appliance,google organic,2021-06-07 19:25:00,65.87,54.31,3.68
798,4,White,8,Kitchen Appliance,facebook ads,2021-03-31 00:18:00,65.87,60.7,0.06
799,1,Asian,6,Kids Toys,google organic,2021-12-28 03:27:00,45.67,45.66,3.63
800,7,White,3,Kitchen Appliance,facebook ads,2021-11-07 03:24:00,99.99,88.04,3.66
801,5,African American,5,Electronics,google ads,2021-11-17 14:43:00,999.99,863.49,43.03
802,9,American Indian,3,Kitchen Appliance,affiliate referral,2021-10-07 09:54:00,99.99,99.27,0.43
803,11,Asian,2,Mens Apparel,google ads,2021-03-26 00:00:00,34.56,33.92,1.04
804,12,Asian,7,Mens Apparel,google ads,2021-03-03 02:09:00,45.98,41.84,0.66
805,9,American Indian,7,Mens Apparel,affiliate referral,2021-04-16 14:43:00,45.98,37.32,2.27
806,7,White,3,Kitchen Appliance,facebook ads,2021-03-30 23:29:00,99.99,87.11,6.74
807,9,American Indian,8,Kitchen Appliance,affiliate referral,2021-12-30 14:06:00,65.87,61.04,5.52
808,10,Pacific Islander,7,Mens Apparel,google organic,2021-05-12 19:32:00,45.98,40.44,2.18
809,11,Asian,4,Electronics,google ads,2021-11-11 14:26:00,345.67,317.67,27.1
810,4,White,6,Kids Toys,facebook ads,2021-11-15 15:16:00,45.67,44.64,1.3
811,4,White,1,Kids Toys,facebook ads,2021-03-07 22:04:00,23.45,23.28,1.67
812,4,White,7,Mens Apparel,facebook ads,2021-05-29 07:07:00,45.98,39.3,3.37
813,7,White,8,Kitchen Appliance,facebook ads,2021-11-25 10:38:00,65.87,61.4,3.59
814,5,African American,7,Mens Apparel,google ads,2021-08-15 14:42:00,45.98,42.08,2.96
815,8,Asian,2,Mens Apparel,affiliate referral,2021-08-20 08:51:00,34.56,30.48,1.55
816,5,African American,4,Electronics,google ads,2021-11-20 00:37:00,345.67,282.2,3.06
817,8,Asian,4,Electronics,affiliate referral,2021-06-14 08:31:00,345.67,280.55,10.07
818,8,Asian,7,Mens Apparel,affiliate referral,2021-12-10 07:01:00,45.98,43.85,0.27
819,4,White,6,Kids Toys,facebook ads,2021-04-09 17:36:00,45.67,37.87,2.46
820,1,Asian,2,Mens Apparel,google organic,2021-01-15 12:57:00,34.56,29.89,0.89
821,8,Asian,2,Mens Apparel,affiliate referral,2021-09-01 15:46:00,34.56,29.04,0.54
822,4,White,5,Electronics,facebook ads,2021-06-22 07:27:00,999.99,943.05,93.77
823,2,American Indian,1,Kids Toys,google ads,2021-04-22 03:04:00,23.45,21.1,1.1
824,2,American Indian,3,Kitchen Appliance,google ads,2021-10-08 21:07:00,99.99,93.82,5.54
825,7,White,8,Kitchen Appliance,facebook ads,2021-01-17 14:17:00,65.87,64.18,2.72
826,2,American Indian,1,Kids Toys,google ads,2021-02-14 16:15:00,23.45,19.08,1.74
827,10,Pacific Islander,5,Electronics,google organic,2021-12-20 03:52:00,999.99,899.77,78.76
828,11,Asian,7,Mens Apparel,google ads,2021-12-21 16:51:00,45.98,39.95,3.82
829,10,Pacific Islander,8,Kitchen Appliance,google organic,2021-10-11 16:08:00,65.87,64.16,4.16
830,11,Asian,4,Electronics,google ads,2021-05-10 22:16:00,345.67,284.84,26.15
831,12,Asian,6,Kids Toys,google ads,2021-04-24 23:22:00,45.67,38.93,0.02
832,11,Asian,8,Kitchen Appliance,google ads,2021-03-26 01:50:00,65.87,63.62,0.85
833,6,African American,5,Electronics,google ads,2021-12-25 08:01:00,999.99,906.83,36.48
834,8,Asian,1,Kids Toys,affiliate referral,2021-01-19 15:31:00,23.45,20.3,1.84
835,4,White,8,Kitchen Appliance,facebook ads,2021-06-21 05:55:00,65.87,57.27,4.75
836,7,White,2,Mens Apparel,facebook ads,2021-02-28 05:37:00,34.56,32.48,0.35
837,2,American Indian,2,Mens Apparel,google ads,2021-08-17 13:10:00,34.56,32.84,0.84
838,7,White,4,Electronics,facebook ads,2021-12-12 07:51:00,345.67,281.39,19.94
839,1,Asian,6,Kids Toys,google organic,2021-05-10 08:06:00,45.67,44.97,2.71
840,2,American Indian,8,Kitchen Appliance,google ads,2021-10-12 17:54:00,65.87,59.07,5.47
841,12,Asian,3,Kitchen Appliance,google ads,2021-03-03 20:31:00,99.99,87.91,4.08
842,12,Asian,8,Kitchen Appliance,google ads,2021-04-15 00:17:00,65.87,57.82,3.04
843,1,Asian,7,Mens Apparel,google organic,2021-04-05 20:22:00,45.98,39.59,0.89
844,3,Pacific Islander,3,Kitchen Appliance,facebook organic,2021-03-11 00:09:00,99.99,83.86,0.1
845,11,Asian,8,Kitchen Appliance,google ads,2021-08-03 11:18:00,65.87,55.5,1.55
846,11,Asian,1,Kids Toys,google ads,2021-04-14 21:36:00,23.45,18.94,1.16
847,10,Pacific Islander,6,Kids Toys,google organic,2021-09-14 02:08:00,45.67,42.21,0.31
848,5,African American,5,Electronics,google ads,2021-07-19 20:35:00,999.99,891.79,75.21
849,12,Asian,4,Electronics,google ads,2021-12-03 01:26:00,345.67,325.25,18.85
850,6,African American,8,Kitchen Appliance,google ads,2021-07-24 18:29:00,65.87,60.87,5.04
851,9,American Indian,4,Electronics,affiliate referral,2021-02-28 12:19:00,345.67,320.52,9.81
852,6,African American,5,Electronics,google ads,2021-06-06 14:07:00,999.99,980.26,6.46
853,5,African American,4,Electronics,google ads,2021-05-04 14:22:00,345.67,297.18,10.45
854,2,American Indian,5,Electronics,google ads,2021-02-15 16:36:00,999.99,883.32,61.7
855,1,Asian,1,Kids Toys,google organic,2021-09-17 10:02:00,23.45,22.75,0.27
856,11,Asian,2,Mens Apparel,google ads,2021-03-26 14:31:00,34.56,29.72,1.46
857,7,White,6,Kids Toys,facebook ads,2021-12-27 08:40:00,45.67,44.16,3.57
858,9,American Indian,3,Kitchen Appliance,affiliate referral,2021-07-25 15:30:00,99.99,85.71,5.88
859,5,African American,1,Kids Toys,google ads,2021-04-29 20:43:00,23.45,22.21,1.49
860,7,White,6,Kids Toys,facebook ads,2021-02-10 21:20:00,45.67,39.94,1.1
861,4,White,2,Mens Apparel,facebook ads,2021-12-07 10:33:00,34.56,32.9,3.22
862,7,White,2,Mens Apparel,facebook ads,2021-02-04 15:34:00,34.56,30.41,0.69
863,8,Asian,4,Electronics,affiliate referral,2021-08-25 11:43:00,345.67,279.59,17.89
864,5,African American,2,Mens Apparel,google ads,2021-07-10 05:26:00,34.56,34.16,0.23
865,10,Pacific Islander,7,Mens Apparel,google organic,2021-12-16 06:45:00,45.98,37.89,1.01
866,4,White,5,Electronics,facebook ads,2021-06-08 03:59:00,999.99,840.46,31.33
867,11,Asian,3,Kitchen Appliance,google ads,2021-05-23 14:14:00,99.99,96.35,1.54
868,4,White,6,Kids Toys,facebook ads,2021-12-17 23:01:00,45.67,43.41,3.13
869,1,Asian,6,Kids Toys,google organic,2021-04-13 13:00:00,45.67,40.56,0.36
870,5,African American,1,Kids Toys,google ads,2021-09-06 20:00:00,23.45,20.91,1.41
871,5,African American,8,Kitchen Appliance,google ads,2021-12-17 02:28:00,65.87,65.66,4.07
872,4,White,5,Electronics,facebook ads,2021-03-04 01:11:00,999.99,938.81,51.65
873,5,African American,1,Kids Toys,google ads,2021-03-02 09:26:00,23.45,20.67,1.55
874,7,White,6,Kids Toys,facebook ads,2021-11-21 01:35:00,45.67,39.24,3.78
875,3,Pacific Islander,5,Electronics,facebook organic,2021-10-09 10:23:00,999.99,874.93,74.43
876,8,Asian,4,Electronics,affiliate referral,2021-11-04 12:50:00,345.67,309.1,28.45
877,8,Asian,4,Electronics,affiliate referral,2021-06-23 18:49:00,345.67,300.5,0.01
878,9,American Indian,3,Kitchen Appliance,affiliate referral,2021-03-30 14:37:00,99.99,87.86,8.09
879,8,Asian,6,Kids Toys,affiliate referral,2021-04-14 21:36:00,45.67,40.63,3.75
880,5,African American,6,Kids Toys,google ads,2021-05-10 21:44:00,45.67,39.35,1.45
881,4,White,1,Kids Toys,facebook ads,2021-04-21 16:16:00,23.45,20.06,0.93
882,2,American Indian,3,Kitchen Appliance,google ads,2021-03-31 04:33:00,99.99,81.73,1.57
883,6,African American,8,Kitchen Appliance,google ads,2021-03-10 01:23:00,65.87,65.0,3.76
884,8,Asian,5,Electronics,affiliate referral,2021-04-08 03:09:00,999.99,918.03,44.27
885,2,American Indian,6,Kids Toys,google ads,2021-02-14 15:34:00,45.67,37.07,2.4
886,7,White,8,Kitchen Appliance,facebook ads,2021-04-13 15:20:00,65.87,58.2,1.59
887,12,Asian,5,Electronics,google ads,2021-08-03 06:09:00,999.99,846.22,68.22
888,1,Asian,7,Mens Apparel,google organic,2021-12-08 13:48:00,45.98,42.2,0.24
889,1,Asian,1,Kids Toys,google organic,2021-03-28 04:42:00,23.45,20.21,0.01
890,6,African American,5,Electronics,google ads,2021-01-27 21:51:00,999.99,860.74,66.32
891,9,American Indian,7,Mens Apparel,affiliate referral,2021-03-26 12:07:00,45.98,38.54,3.08
892,5,African American,8,Kitchen Appliance,google ads,2021-08-04 12:17:00,65.87,58.85,2.72
893,7,White,8,Kitchen Appliance,facebook ads,2021-02-12 05:22:00,65.87,63.31,6.07
894,7,White,1,Kids Toys,facebook ads,2021-08-12 05:38:00,23.45,23.1,1.95
895,1,Asian,4,Electronics,google organic,2021-08-14 15:38:00,345.67,326.28,6.56
896,8,Asian,6,Kids Toys,affiliate referral,2021-07-26 23:19:00,45.67,38.0,3.19
897,3,Pacific Islander,7,Mens Apparel,facebook organic,2021-09-11 09:16:00,45.98,41.94,3.54
898,5,African American,2,Mens Apparel,google ads,2021-03-20 06:15:00,34.56,29.93,2.28
899,3,Pacific Islander,7,Mens Apparel,facebook organic,2021-03-09 08:05:00,45.98,40.71,0.79
900,12,Asian,5,Electronics,google ads,2021-09-16 17:57:00,999.99,951.15,19.09
901,5,African American,5,Electronics,google ads,2021-05-05 02:44:00,999.99,966.93,68.23
902,12,Asian,2,Mens Apparel,google ads,2021-01-06 01:42:00,34.56,28.76,1.01
903,11,Asian,8,Kitchen Appliance,google ads,2021-03-17 20:26:00,65.87,64.93,3.19
904,3,Pacific Islander,2,Mens Apparel,facebook organic,2021-05-13 17:00:00,34.56,32.87,1.07
905,12,Asian,7,Mens Apparel,google ads,2021-02-27 01:32:00,45.98,42.1,3.48
906,12,Asian,2,Mens Apparel,google ads,2021-02-11 18:48:00,34.56,33.92,1.58
907,9,American Indian,6,Kids Toys,affiliate referral,2021-09-27 09:55:00,45.67,41.64,3.46
908,11,Asian,6,Kids Toys,google ads,2021-04-30 10:53:00,45.67,45.43,2.32
909,5,African American,8,Kitchen Appliance,google ads,2021-05-14 23:10:00,65.87,55.23,2.44
910,5,African American,2,Mens Apparel,google ads,2021-01-21 01:38:00,34.56,30.94,0.98
911,12,Asian,4,Electronics,google ads,2021-06-16 00:38:00,345.67,335.06,27.17
912,6,African American,7,Mens Apparel,google ads,2021-10-24 08:32:00,45.98,38.83,0.98
913,7,White,6,Kids Toys,facebook ads,2021-12-16 05:45:00,45.67,45.07,3.12
914,11,Asian,2,Mens Apparel,google ads,2021-05-21 15:24:00,34.56,32.45,2.47
915,8,Asian,4,Electronics,affiliate referral,2021-08-25 08:15:00,345.67,317.2,15.95
916,9,American Indian,2,Mens Apparel,affiliate referral,2021-03-14 06:28:00,34.56,27.99,1.35
917,11,Asian,7,Mens Apparel,google ads,2021-11-23 14:30:00,45.98,38.28,1.73
918,11,Asian,4,Electronics,google ads,2021-09-16 05:41:00,345.67,335.04,12.27
919,3,Pacific Islander,4,Electronics,facebook organic,2021-08-31 13:06:00,345.67,338.59,3.78
920,6,African American,3,Kitchen Appliance,google ads,2021-08-07 14:49:00,99.99,83.62,8.36
921,12,Asian,4,Electronics,google ads,2021-12-16 08:51:00,345.67,296.09,8.05
922,6,African American,3,Kitchen Appliance,google ads,2021-10-25 09:26:00,99.99,84.31,5.45
923,11,Asian,3,Kitchen Appliance,google ads,2021-02-28 20:41:00,99.99,85.31,4.47
924,11,Asian,2,Mens Apparel,google ads,2021-07-14 20:05:00,34.56,30.92,2.24
925,9,American Indian,8,Kitchen Appliance,affiliate referral,2021-04-28 10:07:00,65.87,53.64,0.96
926,12,Asian,7,Mens Apparel,google ads,2021-05-03 00:16:00,45.98,45.5,1.85
927,2,American Indian,8,Kitchen Appliance,google ads,2021-01-29 09:07:00,65.87,60.15,2.16
928,10,Pacific Islander,7,Mens Apparel,google organic,2021-08-15 19:37:00,45.98,44.8,1.94
929,2,American Indian,1,Kids Toys,google ads,2021-06-23 06:07:00,23.45,19.73,0.62
930,11,Asian,4,Electronics,google ads,2021-04-12 04:01:00,345.67,318.61,3.97
931,11,Asian,7,Mens Apparel,google ads,2021-12-17 08:12:00,45.98,41.36,1.31
932,10,Pacific Islander,6,Kids Toys,google organic,2021-03-03 01:34:00,45.67,38.15,1.84
933,11,Asian,7,Mens Apparel,google ads,2021-03-11 16:56:00,45.98,44.65,0.94
934,2,American Indian,5,Electronics,google ads,2021-04-28 05:51:00,999.99,942.54,45.9
935,1,Asian,8,Kitchen Appliance,google organic,2021-02-22 14:10:00,65.87,58.94,2.68
936,2,American Indian,8,Kitchen Appliance,google ads,2021-06-04 12:21:00,65.87,61.76,2.68
937,1,Asian,6,Kids Toys,google organic,2021-07-01 17:32:00,45.67,44.49,3.97
938,11,Asian,8,Kitchen Appliance,google ads,2021-10-10 17:25:00,65.87,61.29,5.57
939,3,Pacific Islander,8,Kitchen Appliance,facebook organic,2021-09-14 22:40:00,65.87,60.87,4.12
940,3,Pacific Islander,4,Electronics,facebook organic,2021-08-27 03:45:00,345.67,280.38,9.44
941,5,African American,2,Mens Apparel,google ads,2021-12-08 14:25:00,34.56,33.8,2.35
942,5,African American,8,Kitchen Appliance,google ads,2021-08-21 19:39:00,65.87,57.43,1.41
943,9,American Indian,7,Mens Apparel,affiliate referral,2021-09-11 05:33:00,45.98,41.83,4.01
944,1,Asian,4,Electronics,google organic,2021-04-06 10:55:00,345.67,339.85,28.17
945,4,White,4,Electronics,facebook ads,2021-11-17 06:31:00,345.67,278.93,1.8
946,6,African American,3,Kitchen Appliance,google ads,2021-08-22 16:39:00,99.99,90.79,0.08
947,10,Pacific Islander,8,Kitchen Appliance,google organic,2021-06-14 19:42:00,65.87,59.65,2.3
948,1,Asian,6,Kids Toys,google organic,2021-08-01 11:29:00,45.67,41.58,2.27
949,3,Pacific Islander,5,Electronics,facebook organic,2021-02-11 19:55:00,999.99,867.81,22.95
950,5,African American,5,Electronics,google ads,2021-08-08 17:40:00,999.99,818.75,37.89
951,5,African American,6,Kids Toys,google ads,2021-06-09 22:39:00,45.67,40.18,3.47
952,8,Asian,8,Kitchen Appliance,affiliate referral,2021-10-20 09:53:00,65.87,58.44,0.5
953,8,Asian,8,Kitchen Appliance,affiliate referral,2021-08-06 07:29:00,65.87,61.51,4.01
954,7,White,3,Kitchen Appliance,facebook ads,2021-06-29 15:35:00,99.99,88.64,2.17
955,9,American Indian,3,Kitchen Appliance,affiliate referral,2021-07-06 16:17:00,99.99,84.19,4.05
956,9,American Indian,4,Electronics,affiliate referral,2021-02-23 02:13:00,345.67,320.93,14.17
957,12,Asian,2,Mens Apparel,google ads,2021-07-09 00:59:00,34.56,32.33,1.3
958,3,Pacific Islander,7,Mens Apparel,facebook organic,2021-08-05 14:06:00,45.98,45.49,3.69
959,10,Pacific Islander,2,Mens Apparel,google organic,2021-06-13 19:09:00,34.56,30.87,0.46
960,6,African American,1,Kids Toys,google ads,2021-07-10 05:11:00,23.45,20.39,0.73
961,5,African American,8,Kitchen Appliance,google ads,2021-11-18 08:54:00,65.87,64.16,6.05
962,9,American Indian,4,Electronics,affiliate referral,2021-06-09 15:00:00,345.67,323.89,24.24
963,8,Asian,4,Electronics,affiliate referral,2021-03-07 13:42:00,345.67,316.38,14.59
964,2,American Indian,8,Kitchen Appliance,google ads,2021-07-18 12:31:00,65.87,57.84,1.68
965,4,White,8,Kitchen Appliance,facebook ads,2021-12-02 19:45:00,65.87,65.63,2.74
966,5,African American,3,Kitchen Appliance,google ads,2021-02-16 10:27:00,99.99,95.83,6.07
967,7,White,2,Mens Apparel,facebook ads,2021-04-28 01:59:00,34.56,30.23,2.92
968,1,Asian,1,Kids Toys,google organic,2021-11-25 19:25:00,23.45,23.3,0.0
969,4,White,7,Mens Apparel,facebook ads,2021-03-18 18:25:00,45.98,43.37,3.85
970,11,Asian,7,Mens Apparel,google ads,2021-04-19 04:38:00,45.98,38.76,0.48
971,10,Pacific Islander,7,Mens Apparel,google organic,2021-12-06 21:06:00,45.98,44.22,2.37
972,4,White,5,Electronics,facebook ads,2021-04-27 22:06:00,999.99,960.55,24.48
973,2,American Indian,1,Kids Toys,google ads,2021-10-31 15:55:00,23.45,21.49,1.71
974,6,African American,5,Electronics,google ads,2021-02-25 11:42:00,999.99,872.42,11.72
975,4,White,7,Mens Apparel,facebook ads,2021-02-02 05:14:00,45.98,45.72,0.09
976,10,Pacific Islander,1,Kids Toys,google organic,2021-06-11 04:53:00,23.45,20.45,1.48
977,12,Asian,4,Electronics,google ads,2021-09-28 04:29:00,345.67,302.78,8.77
978,12,Asian,7,Mens Apparel,google ads,2021-02-12 00:23:00,45.98,38.14,1.32
979,8,Asian,7,Mens Apparel,affiliate referral,2021-06-06 08:53:00,45.98,37.78,3.34
980,4,White,6,Kids Toys,facebook ads,2021-12-22 07:08:00,45.67,38.12,2.65
981,12,Asian,8,Kitchen Appliance,google ads,2021-07-18 13:57:00,65.87,62.21,2.32
982,4,White,3,Kitchen Appliance,facebook ads,2021-01-20 13:09:00,99.99,93.48,6.1
983,3,Pacific Islander,4,Electronics,facebook organic,2021-08-14 02:51:00,345.67,321.06,1.23
984,2,American Indian,6,Kids Toys,google ads,2021-06-12 00:54:00,45.67,37.49,1.15
985,4,White,7,Mens Apparel,facebook ads,2021-09-02 14:58:00,45.98,36.98,2.75
986,4,White,4,Electronics,facebook ads,2021-09-21 02:54:00,345.67,315.97,1.02
987,8,Asian,7,Mens Apparel,affiliate referral,2021-02-05 19:10:00,45.98,44.46,4.33
988,2,American Indian,4,Electronics,google ads,2021-01-29 22:34:00,345.67,286.65,24.51
989,12,Asian,2,Mens Apparel,google ads,2021-10-16 19:49:00,34.56,29.93,2.93
990,6,African American,2,Mens Apparel,google ads,2021-07-29 16:28:00,34.56,30.14,1.01
991,2,American Indian,8,Kitchen Appliance,google ads,2021-10-21 12:34:00,65.87,62.43,2.26
992,11,Asian,5,Electronics,google ads,2021-05-07 20:44:00,999.99,908.52,41.65
993,6,African American,8,Kitchen Appliance,google ads,2021-07-07 23:28:00,65.87,60.4,1.33
994,2,American Indian,4,Electronics,google ads,2021-07-01 22:16:00,345.67,308.08,17.18
995,1,Asian,3,Kitchen Appliance,google organic,2021-12-27 19:24:00,99.99,96.97,2.05
996,9,American Indian,3,Kitchen Appliance,affiliate referral,2021-05-23 13:29:00,99.99,83.49,1.7
997,11,Asian,6,Kids Toys,google ads,2021-04-18 10:34:00,45.67,41.97,2.33
998,5,African American,3,Kitchen Appliance,google ads,2021-05-23 12:51:00,99.99,87.85,0.46
999,10,Pacific Islander,1,Kids Toys,google organic,2021-07-13 05:23:00,23.45,22.64,1.01
